台风编号,经度,纬度,风速,气压,移动速度,台风强度,台风等级,Cluster,Cluster Name
200023,132.4551724137931,14.524137931034483,23.724137931034484,988.2758620689655,0.0,2.310344827586207,9.206896551724139,-1,
200401,136.0875,16.85,41.375,956.40625,23.34375,4.46875,13.21875,0,Low Latitude Wide Typhoon Cluster
200402,128.16666666666666,19.883333333333333,45.55555555555556,949.1666666666666,28.61111111111111,4.722222222222222,14.11111111111111,0,Low Latitude Wide Typhoon Cluster
200403,134.95,13.025,19.25,995.625,18.625,2.0,8.0,-1,
200404,122.89629629629628,21.91111111111111,29.444444444444443,979.1851851851852,21.40740740740741,3.111111111111111,10.74074074074074,0,Low Latitude Wide Typhoon Cluster
200405,113.325,13.2625,22.625,991.0,17.625,2.25,8.875,0,Low Latitude Wide Typhoon Cluster
200406,133.3090909090909,18.318181818181817,46.0,947.3636363636364,19.242424242424242,4.7272727272727275,14.090909090909092,0,Low Latitude Wide Typhoon Cluster
200407,122.35833333333333,21.025000000000002,40.833333333333336,957.5,10.75,4.166666666666667,13.166666666666666,0,Low Latitude Wide Typhoon Cluster
200408,143.2,19.8,33.0,975.0,19.0,4.0,12.0,0,Low Latitude Wide Typhoon Cluster
200409,118.58181818181819,20.654545454545453,22.0,991.6363636363636,19.818181818181817,2.0,8.727272727272727,0,Low Latitude Wide Typhoon Cluster
200410,139.14210526315787,31.115789473684213,37.526315789473685,964.2105263157895,15.894736842105264,3.8947368421052633,12.473684210526315,0,Low Latitude Wide Typhoon Cluster
200411,116.95,21.25,17.0,997.5,13.0,1.5,7.5,0,Low Latitude Wide Typhoon Cluster
200413,170.18333333333334,32.31666666666667,30.166666666666668,978.3333333333334,17.833333333333332,3.1666666666666665,10.833333333333334,-1,
200414,125.60384615384615,23.680769230769233,30.46153846153846,975.9615384615385,13.884615384615385,3.230769230769231,10.807692307692308,0,Low Latitude Wide Typhoon Cluster
200415,164.4625,31.1,19.25,996.125,37.75,2.0,8.0,3,Open Ocean Typhoon Cluster
200416,129.40178571428572,29.739285714285717,27.696428571428573,978.9821428571429,36.82142857142857,3.0357142857142856,10.25,-1,
200417,149.25555555555556,14.491666666666667,36.69444444444444,960.1944444444445,20.805555555555557,3.9444444444444446,12.305555555555555,-1,
200418,127.36538461538461,21.46153846153846,33.26923076923077,973.9615384615385,16.807692307692307,3.6153846153846154,11.615384615384615,0,Low Latitude Wide Typhoon Cluster
200421,121.95,24.383333333333336,17.0,998.6666666666666,10.833333333333334,1.6666666666666667,7.666666666666667,0,Low Latitude Wide Typhoon Cluster
200511,139.06190476190477,28.32857142857143,40.04761904761905,958.4761904761905,16.904761904761905,4.285714285714286,12.952380952380953,0,Low Latitude Wide Typhoon Cluster
200512,150.93333333333334,32.82666666666667,23.333333333333332,987.8666666666667,26.666666666666668,2.6666666666666665,9.466666666666667,-1,
200513,125.11692307692309,22.95846153846154,46.646153846153844,945.5692307692308,20.76923076923077,4.661538461538462,14.0,0,Low Latitude Wide Typhoon Cluster
200514,135.12820512820514,25.435897435897434,46.64102564102564,945.4102564102565,20.897435897435898,4.846153846153846,14.282051282051283,0,Low Latitude Wide Typhoon Cluster
200515,123.7159574468085,28.05851063829787,33.691489361702125,973.936170212766,24.78723404255319,3.425531914893617,11.436170212765957,-1,
200516,109.33928571428571,16.9,22.321428571428573,986.25,26.607142857142858,2.0,8.821428571428571,0,Low Latitude Wide Typhoon Cluster
200517,143.67391304347825,28.97826086956522,35.17391304347826,967.9565217391304,24.565217391304348,3.739130434782609,11.782608695652174,4,East China Sea-Western Pacific Typhoon Cluster
200518,114.05620437956205,19.529197080291972,31.27007299270073,975.3941605839416,12.773722627737227,3.2992700729927007,11.08029197080292,0,Low Latitude Wide Typhoon Cluster
200519,125.60547945205481,23.195890410958903,45.6986301369863,947.2739726027397,19.65753424657534,4.671232876712328,14.04109589041096,0,Low Latitude Wide Typhoon Cluster
200520,132.98222222222222,23.853333333333335,44.93333333333333,950.0,8.511111111111111,4.5777777777777775,13.933333333333334,-1,
200521,109.13414634146342,16.09512195121951,32.951219512195124,972.439024390244,14.024390243902438,3.682926829268293,11.609756097560975,0,Low Latitude Wide Typhoon Cluster
200522,120.8076923076923,16.361538461538462,19.923076923076923,995.9230769230769,18.46153846153846,1.7692307692307692,8.23076923076923,0,Low Latitude Wide Typhoon Cluster
200523,126.25,15.13076923076923,25.23076923076923,986.1538461538462,10.961538461538462,2.6923076923076925,9.73076923076923,0,Low Latitude Wide Typhoon Cluster
200601,118.34383561643835,17.805479452054794,37.06849315068493,960.7808219178082,17.876712328767123,4.0,12.287671232876713,0,Low Latitude Wide Typhoon Cluster
200602,112.65625,18.9375,18.0,996.375,16.5625,1.75,7.75,0,Low Latitude Wide Typhoon Cluster
200603,129.3642857142857,21.925,39.07142857142857,960.2321428571429,16.910714285714285,4.107142857142857,12.732142857142858,0,Low Latitude Wide Typhoon Cluster
200604,125.00833333333333,22.058333333333334,27.291666666666668,981.6041666666666,17.8125,2.8333333333333335,10.333333333333334,0,Low Latitude Wide Typhoon Cluster
200605,124.22083333333335,20.847916666666666,37.291666666666664,965.4375,17.604166666666668,3.8541666666666665,12.4375,0,Low Latitude Wide Typhoon Cluster
200606,113.6,19.507272727272728,30.327272727272728,977.2363636363636,16.454545454545453,3.5272727272727273,11.10909090909091,0,Low Latitude Wide Typhoon Cluster
200608,122.1219512195122,26.536585365853657,53.73170731707317,931.829268292683,25.121951219512194,5.439024390243903,15.731707317073171,-1,
200609,123.32380952380953,22.823809523809523,21.19047619047619,990.4285714285714,19.285714285714285,2.142857142857143,8.619047619047619,0,Low Latitude Wide Typhoon Cluster
200610,131.70909090909092,32.59090909090909,22.59090909090909,987.0,12.5,2.590909090909091,9.272727272727273,-1,
200611,135.4,21.375,19.5,995.75,21.25,2.0,8.0,-1,
200612,161.28055555555557,24.419444444444444,52.111111111111114,934.4444444444445,25.694444444444443,5.305555555555555,15.194444444444445,-1,
200613,126.3423076923077,24.046153846153846,43.833333333333336,950.9102564102565,19.615384615384617,4.551282051282051,13.76923076923077,0,Low Latitude Wide Typhoon Cluster
200614,151.17931034482757,23.520689655172415,42.03448275862069,923.3793103448276,22.0,4.413793103448276,13.241379310344827,-1,
200615,109.39285714285714,16.892857142857142,17.785714285714285,995.3214285714286,12.142857142857142,1.9285714285714286,7.928571428571429,0,Low Latitude Wide Typhoon Cluster
200616,114.1433962264151,15.241509433962264,43.84905660377358,951.2452830188679,18.30188679245283,4.6415094339622645,13.716981132075471,-1,
200617,133.0111111111111,20.744444444444444,19.11111111111111,992.4444444444445,19.444444444444443,2.0,8.0,0,Low Latitude Wide Typhoon Cluster
200618,152.5625,23.0625,18.75,992.625,16.875,2.0,8.0,-1,
200619,143.41363636363636,23.85909090909091,33.40909090909091,971.6363636363636,20.227272727272727,3.4545454545454546,11.636363636363637,-1,
200620,118.41410256410255,16.97179487179487,33.92307692307692,967.1666666666666,12.115384615384615,3.5641025641025643,11.435897435897436,0,Low Latitude Wide Typhoon Cluster
200621,116.5156862745098,16.28235294117647,28.92156862745098,979.1372549019608,17.647058823529413,3.019607843137255,10.470588235294118,0,Low Latitude Wide Typhoon Cluster
200622,123.46944444444443,12.488888888888889,34.833333333333336,968.9722222222222,18.75,3.6666666666666665,11.805555555555555,0,Low Latitude Wide Typhoon Cluster
200623,115.95,15.204,34.54,968.38,13.0,3.66,11.98,0,Low Latitude Wide Typhoon Cluster
200624,136.04999999999998,15.433333333333332,19.0,995.6666666666666,22.5,2.0,8.0,-1,
200701,147.84117647058824,17.170588235294115,29.88235294117647,976.8823529411765,28.823529411764707,3.176470588235294,10.882352941176471,-1,
200702,136.64,17.646666666666665,35.93333333333333,966.6,26.0,3.8666666666666667,12.066666666666666,1,South China Sea Short-Range Typhoon Cluster
200703,107.91,21.35,21.2,990.1,15.0,1.9,8.5,0,Low Latitude Wide Typhoon Cluster
200704,132.11666666666667,24.926666666666666,43.666666666666664,949.3333333333334,28.333333333333332,4.566666666666666,13.633333333333333,0,Low Latitude Wide Typhoon Cluster
200705,136.37333333333333,27.013333333333332,35.733333333333334,968.1333333333333,23.333333333333332,3.6666666666666665,12.0,4,East China Sea-Western Pacific Typhoon Cluster
200706,110.24000000000001,14.219999999999999,18.0,998.0,5.0,2.0,8.0,0,Low Latitude Wide Typhoon Cluster
200707,120.43333333333332,21.973809523809525,24.833333333333332,986.3809523809524,22.095238095238095,2.5,9.547619047619047,0,Low Latitude Wide Typhoon Cluster
200708,122.57368421052632,22.178947368421053,18.36842105263158,991.9473684210526,19.736842105263158,1.9473684210526316,7.947368421052632,0,Low Latitude Wide Typhoon Cluster
200709,122.71818181818183,21.845454545454544,40.61363636363637,955.2727272727273,14.204545454545455,4.295454545454546,12.954545454545455,0,Low Latitude Wide Typhoon Cluster
200710,145.31739130434784,29.67391304347826,32.52173913043478,971.0869565217391,17.391304347826086,3.6956521739130435,11.652173913043478,4,East China Sea-Western Pacific Typhoon Cluster
200711,151.03333333333333,31.555555555555557,21.0,996.8888888888889,21.666666666666668,2.0,8.555555555555555,0,Low Latitude Wide Typhoon Cluster
200712,126.67272727272727,28.454545454545453,45.90909090909091,947.4242424242424,19.09090909090909,4.666666666666667,14.181818181818182,0,Low Latitude Wide Typhoon Cluster
200713,122.4796875,27.1578125,37.78125,962.21875,25.078125,4.015625,12.328125,0,Low Latitude Wide Typhoon Cluster
200714,111.30000000000001,19.603846153846153,19.23076923076923,990.8076923076923,17.5,1.9615384615384615,7.961538461538462,0,Low Latitude Wide Typhoon Cluster
200715,110.95882352941176,16.897058823529413,29.058823529411764,981.1470588235294,15.147058823529411,3.0294117647058822,10.764705882352942,0,Low Latitude Wide Typhoon Cluster
200716,125.39166666666667,21.370833333333334,47.875,941.875,14.791666666666666,5.208333333333333,14.583333333333334,0,Low Latitude Wide Typhoon Cluster
200718,160.8,35.9,18.0,998.0,45.0,2.0,8.0,3,Open Ocean Typhoon Cluster
200719,171.29999999999998,27.53333333333333,19.333333333333332,995.3333333333334,15.0,2.0,8.0,-1,
200720,144.17142857142858,25.985714285714288,34.714285714285715,970.7142857142857,30.714285714285715,3.5714285714285716,11.714285714285714,-1,
200721,133.16666666666666,26.21666666666667,20.333333333333332,994.0,39.166666666666664,2.0,8.333333333333334,-1,
200722,118.54285714285713,18.275,30.214285714285715,978.75,11.428571428571429,3.5,11.107142857142858,0,Low Latitude Wide Typhoon Cluster
200723,144.7,24.0,18.0,998.0,30.0,2.0,8.0,-1,
200724,124.01960784313725,17.807843137254903,32.705882352941174,973.4509803921569,14.313725490196079,3.5294117647058822,11.470588235294118,0,Low Latitude Wide Typhoon Cluster
200725,112.91764705882352,11.123529411764705,26.705882352941178,983.1764705882352,9.705882352941176,2.823529411764706,10.0,0,Low Latitude Wide Typhoon Cluster
200801,111.68409090909091,18.3,31.181818181818183,976.3863636363636,13.636363636363637,3.3181818181818183,11.204545454545455,0,Low Latitude Wide Typhoon Cluster
200802,133.3857142857143,17.757142857142856,34.785714285714285,967.5714285714286,25.0,3.7857142857142856,11.857142857142858,1,South China Sea Short-Range Typhoon Cluster
200803,129.98,23.0,19.6,994.8,35.0,1.8,8.2,-1,
200804,123.0529411764706,18.341176470588238,22.176470588235293,990.7647058823529,22.647058823529413,2.176470588235294,8.823529411764707,0,Low Latitude Wide Typhoon Cluster
200805,135.59375,19.1625,34.375,971.625,16.0,3.6875,11.75,0,Low Latitude Wide Typhoon Cluster
200806,117.05,18.99655172413793,27.24137931034483,983.051724137931,14.655172413793103,2.9310344827586206,10.206896551724139,0,Low Latitude Wide Typhoon Cluster
200807,121.94999999999999,25.201612903225808,24.887096774193548,986.5967741935484,17.370967741935484,2.661290322580645,9.580645161290322,0,Low Latitude Wide Typhoon Cluster
200808,121.7,24.3984375,32.234375,975.0625,17.03125,3.4375,11.34375,0,Low Latitude Wide Typhoon Cluster
200809,111.45172413793104,21.175862068965518,20.896551724137932,986.2068965517242,17.586206896551722,2.2413793103448274,8.620689655172415,0,Low Latitude Wide Typhoon Cluster
200810,158.05,33.45,18.0,998.0,50.0,2.0,8.0,-1,
200811,144.33333333333334,34.38333333333333,20.0,994.0,48.333333333333336,2.0,8.0,-1,
200812,118.29464285714286,20.30535714285714,34.607142857142854,970.4285714285714,16.071428571428573,3.7142857142857144,12.071428571428571,0,Low Latitude Wide Typhoon Cluster
200813,123.35126050420168,24.669747899159663,39.63025210084034,960.2436974789916,10.605042016806722,4.184873949579832,12.991596638655462,0,Low Latitude Wide Typhoon Cluster
200814,116.50806451612904,20.046774193548387,40.064516129032256,955.3870967741935,23.06451612903226,4.129032258064516,12.951612903225806,-1,
200815,123.89886363636364,24.642045454545453,39.05681818181818,958.8522727272727,19.65909090909091,4.011363636363637,12.511363636363637,0,Low Latitude Wide Typhoon Cluster
200816,107.76666666666665,17.443589743589744,21.102564102564102,991.1282051282051,19.358974358974358,1.9487179487179487,8.487179487179487,0,Low Latitude Wide Typhoon Cluster
200817,114.41951219512195,17.204878048780486,17.536585365853657,998.2926829268292,18.170731707317074,1.829268292682927,7.829268292682927,0,Low Latitude Wide Typhoon Cluster
200818,150.6,30.82,19.6,996.0,42.0,2.0,8.0,3,Open Ocean Typhoon Cluster
200819,115.72105263157894,16.294736842105266,21.526315789473685,990.9473684210526,9.736842105263158,2.1578947368421053,8.789473684210526,0,Low Latitude Wide Typhoon Cluster
200820,154.7,28.35,18.0,996.0,35.0,2.0,8.0,-1,
200821,110.67999999999999,11.42,17.8,998.8,19.0,1.8,7.8,0,Low Latitude Wide Typhoon Cluster
200822,132.945,15.395,26.3,984.7,15.25,2.85,10.05,0,Low Latitude Wide Typhoon Cluster
200901,134.2076923076923,18.746153846153845,35.76923076923077,967.7692307692307,26.76923076923077,3.769230769230769,12.307692307692308,1,South China Sea Short-Range Typhoon Cluster
200902,119.19200000000001,15.444,26.8,983.44,11.88,2.76,10.08,0,Low Latitude Wide Typhoon Cluster
200903,118.06212121212121,21.671212121212122,22.348484848484848,988.8939393939394,12.151515151515152,2.242424242424242,8.893939393939394,0,Low Latitude Wide Typhoon Cluster
200904,117.08064516129032,18.706451612903226,20.451612903225808,993.8387096774194,20.096774193548388,2.0,8.258064516129032,0,Low Latitude Wide Typhoon Cluster
200905,111.10384615384615,20.273076923076925,17.923076923076923,995.2307692307693,23.076923076923077,1.9615384615384615,7.961538461538462,0,Low Latitude Wide Typhoon Cluster
200906,117.50227272727274,21.527272727272727,28.954545454545453,978.3636363636364,23.431818181818183,3.1818181818181817,10.681818181818182,0,Low Latitude Wide Typhoon Cluster
200907,110.71587301587302,19.926984126984127,18.50793650793651,988.3809523809524,7.873015873015873,1.8888888888888888,7.984126984126984,0,Low Latitude Wide Typhoon Cluster
200908,122.04801886792453,25.02858490566038,34.867924528301884,967.0188679245283,14.10377358490566,3.6792452830188678,11.962264150943396,0,Low Latitude Wide Typhoon Cluster
200909,139.79999999999998,31.7,19.833333333333332,993.25,24.583333333333332,2.1666666666666665,8.333333333333334,0,Low Latitude Wide Typhoon Cluster
200910,156.3925925925926,24.585185185185182,39.074074074074076,958.925925925926,19.925925925925927,4.185185185185185,12.925925925925926,-1,
200911,143.65714285714287,31.857142857142858,25.642857142857142,986.2857142857143,25.357142857142858,2.5714285714285716,9.785714285714286,2,Western Pacific Eastern Path Typhoon Cluster
200912,135.3684210526316,24.594736842105263,22.94736842105263,988.8421052631579,19.473684210526315,2.473684210526316,9.157894736842104,0,Low Latitude Wide Typhoon Cluster
200913,109.45106382978723,19.640425531914893,18.48936170212766,993.9574468085107,22.02127659574468,1.9574468085106382,7.9361702127659575,0,Low Latitude Wide Typhoon Cluster
200914,144.5,19.610526315789475,43.26315789473684,952.578947368421,17.105263157894736,4.368421052631579,13.421052631578947,0,Low Latitude Wide Typhoon Cluster
200915,115.00434782608696,20.695652173913043,24.579710144927535,987.3478260869565,19.565217391304348,2.579710144927536,9.44927536231884,0,Low Latitude Wide Typhoon Cluster
200916,112.30714285714285,15.785714285714286,32.45238095238095,970.5238095238095,16.547619047619047,3.4761904761904763,11.404761904761905,0,Low Latitude Wide Typhoon Cluster
200917,115.27635135135137,18.576351351351352,24.986486486486488,986.081081081081,10.66891891891892,2.6486486486486487,9.587837837837839,0,Low Latitude Wide Typhoon Cluster
200918,141.87317073170732,21.297560975609755,43.53658536585366,948.8780487804878,26.414634146341463,4.463414634146342,13.536585365853659,-1,
200919,145.58666666666667,24.5,20.866666666666667,994.1333333333333,24.333333333333332,2.2666666666666666,8.733333333333333,2,Western Pacific Eastern Path Typhoon Cluster
200920,127.89285714285714,20.252857142857142,34.8,968.6,14.228571428571428,3.757142857142857,11.885714285714286,0,Low Latitude Wide Typhoon Cluster
200921,124.44,14.876,31.72,973.28,24.52,3.36,11.24,-1,
200922,140.3939393939394,16.293939393939397,42.121212121212125,951.8181818181819,9.969696969696969,4.575757575757576,13.393939393939394,-1,
201001,132.32857142857145,15.5,18.0,999.4285714285714,13.571428571428571,2.0,8.0,-1,
201002,112.18630136986302,17.49178082191781,30.013698630136986,979.8904109589041,17.986301369863014,3.328767123287671,10.931506849315069,0,Low Latitude Wide Typhoon Cluster
201003,111.86172839506172,20.039506172839506,26.530864197530864,984.6172839506173,14.82716049382716,2.8518518518518516,10.037037037037036,0,Low Latitude Wide Typhoon Cluster
201004,125.82741935483871,29.746774193548386,26.080645161290324,985.1290322580645,22.20967741935484,2.6451612903225805,9.951612903225806,0,Low Latitude Wide Typhoon Cluster
201005,108.13499999999999,17.5625,25.625,984.575,15.875,2.7,9.9,0,Low Latitude Wide Typhoon Cluster
201006,117.28119658119658,21.669230769230772,22.88034188034188,990.3931623931624,8.803418803418804,2.247863247863248,9.017094017094017,0,Low Latitude Wide Typhoon Cluster
201007,127.10416666666667,30.491666666666664,36.3125,967.8125,29.729166666666668,3.8958333333333335,12.354166666666666,-1,
201008,120.84285714285714,25.514285714285716,17.771428571428572,995.5714285714286,9.257142857142858,1.8857142857142857,7.885714285714286,0,Low Latitude Wide Typhoon Cluster
201009,127.05147058823529,29.575,20.75,992.9558823529412,17.573529411764707,2.1911764705882355,8.441176470588236,0,Low Latitude Wide Typhoon Cluster
201010,119.24923076923076,22.98769230769231,22.861538461538462,991.2923076923076,16.076923076923077,2.4307692307692306,9.03076923076923,0,Low Latitude Wide Typhoon Cluster
201011,122.53020833333333,23.136458333333334,36.833333333333336,964.6041666666666,16.96875,3.9791666666666665,12.333333333333334,0,Low Latitude Wide Typhoon Cluster
201012,143.18421052631578,25.24736842105263,30.736842105263158,976.2105263157895,29.473684210526315,3.3684210526315788,10.894736842105264,-1,
201013,120.52857142857142,19.295714285714286,46.56428571428572,949.4142857142857,11.357142857142858,4.935714285714286,14.371428571428572,-1,
201014,130.44222222222223,22.622222222222224,36.48888888888889,966.4666666666667,17.666666666666668,3.8666666666666667,12.28888888888889,0,Low Latitude Wide Typhoon Cluster
201101,124.21272727272726,20.145454545454545,19.418181818181818,995.3272727272728,24.636363636363637,2.0545454545454547,8.309090909090909,0,Low Latitude Wide Typhoon Cluster
201102,127.1741935483871,19.01451612903226,42.16129032258065,953.2903225806451,26.758064516129032,4.532258064516129,13.451612903225806,0,Low Latitude Wide Typhoon Cluster
201103,117.18529411764706,20.823529411764707,18.029411764705884,997.7941176470588,22.735294117647058,1.8823529411764706,7.882352941176471,0,Low Latitude Wide Typhoon Cluster
201104,112.13406593406594,20.33186813186813,19.52747252747253,991.6373626373627,12.813186813186814,1.989010989010989,8.087912087912088,0,Low Latitude Wide Typhoon Cluster
201105,124.40379746835443,28.125316455696204,24.924050632911392,980.8481012658228,28.10126582278481,2.5443037974683542,9.620253164556962,0,Low Latitude Wide Typhoon Cluster
201106,140.6175,25.4,37.15,961.475,18.825,4.05,12.5,0,Low Latitude Wide Typhoon Cluster
201107,133.1,13.8,18.0,1000.0,15.0,2.0,8.0,-1,
201108,114.18641975308643,17.966666666666665,24.962962962962962,985.1728395061729,17.37037037037037,2.654320987654321,9.555555555555555,0,Low Latitude Wide Typhoon Cluster
201109,127.1016,28.8856,37.064,962.272,18.648,3.968,12.32,0,Low Latitude Wide Typhoon Cluster
201110,156.06190476190477,30.228571428571428,25.857142857142858,986.1428571428571,17.904761904761905,2.619047619047619,9.857142857142858,-1,
201111,121.10467289719627,21.404672897196264,33.00934579439252,969.981308411215,7.308411214953271,3.4766355140186915,11.448598130841122,0,Low Latitude Wide Typhoon Cluster
201112,138.0925,25.9625,29.025,980.225,10.45,3.25,10.8,5,East Asia Coastal Typhoon Cluster
201113,150.02,32.1,19.2,996.0,27.0,2.0,8.0,-1,
201114,132.83636363636364,25.79090909090909,18.181818181818183,999.4545454545455,16.363636363636363,1.7272727272727273,7.7272727272727275,0,Low Latitude Wide Typhoon Cluster
201115,132.28727272727272,27.363636363636363,27.036363636363635,978.0,12.836363636363636,2.8181818181818183,10.163636363636364,5,East Asia Coastal Typhoon Cluster
201116,148.85238095238097,29.261904761904763,26.333333333333332,986.6666666666666,32.42857142857143,3.0476190476190474,10.142857142857142,-1,
201117,116.76582278481013,18.10126582278481,35.74683544303797,968.253164556962,17.518987341772153,3.8734177215189876,12.253164556962025,0,Low Latitude Wide Typhoon Cluster
201118,110.54222222222221,16.862222222222222,17.955555555555556,995.2,13.466666666666667,1.9777777777777779,7.977777777777778,0,Low Latitude Wide Typhoon Cluster
201119,116.91951219512195,17.848780487804877,28.804878048780488,980.829268292683,15.524390243902438,3.0365853658536586,10.609756097560975,0,Low Latitude Wide Typhoon Cluster
201120,120.78421052631579,12.973684210526315,16.526315789473685,1000.421052631579,17.210526315789473,1.3157894736842106,7.315789473684211,-1,
201121,121.08823529411765,9.135294117647058,21.529411764705884,995.2941176470588,24.11764705882353,2.176470588235294,8.647058823529411,0,Low Latitude Wide Typhoon Cluster
201201,110.14375,9.85625,23.0625,993.5625,6.9375,2.4375,9.125,-1,
201202,140.945,20.015,28.1,982.85,16.85,3.15,10.5,-1,
201203,127.23333333333333,21.118181818181817,33.78787878787879,971.3636363636364,21.606060606060606,3.6666666666666665,11.787878787878787,0,Low Latitude Wide Typhoon Cluster
201204,131.38,16.9875,41.3,956.325,27.375,4.275,13.125,0,Low Latitude Wide Typhoon Cluster
201205,115.77374999999999,21.12375,22.8,986.025,20.4625,2.2875,9.075,0,Low Latitude Wide Typhoon Cluster
201206,120.33877551020409,19.177551020408163,22.816326530612244,989.6938775510204,24.73469387755102,2.5918367346938775,9.26530612244898,0,Low Latitude Wide Typhoon Cluster
201207,127.58857142857144,31.011428571428574,21.4,992.3428571428572,29.685714285714287,2.0,8.6,-1,
201208,114.26896551724137,20.473563218390805,25.0,980.4252873563219,14.666666666666666,2.5977011494252875,9.597701149425287,0,Low Latitude Wide Typhoon Cluster
201209,122.85950413223141,22.721487603305786,31.66115702479339,973.0826446280992,11.87603305785124,3.5289256198347108,11.355371900826446,0,Low Latitude Wide Typhoon Cluster
201210,125.173417721519,33.48987341772152,28.063291139240505,982.4050632911392,25.924050632911392,3.0,10.316455696202532,-1,
201211,124.0576923076923,28.251923076923074,30.73076923076923,975.6153846153846,13.490384615384615,3.25,10.990384615384615,0,Low Latitude Wide Typhoon Cluster
201212,154.41666666666666,36.016666666666666,18.0,996.5,28.333333333333332,2.0,8.0,-1,
201213,116.45263157894736,19.44078947368421,28.61842105263158,981.5,20.63157894736842,3.1973684210526314,10.552631578947368,0,Low Latitude Wide Typhoon Cluster
201214,121.75470852017936,23.04708520179372,36.26008968609865,965.9282511210762,12.79372197309417,3.9596412556053813,12.349775784753364,0,Low Latitude Wide Typhoon Cluster
201215,129.3470588235294,29.808235294117644,38.858823529411765,959.6470588235294,26.458823529411763,4.211764705882353,12.858823529411765,0,Low Latitude Wide Typhoon Cluster
201216,129.76415094339623,24.32264150943396,42.77358490566038,950.7735849056604,24.132075471698112,4.566037735849057,13.528301886792454,0,Low Latitude Wide Typhoon Cluster
201217,127.16292134831461,20.562921348314607,49.95505617977528,936.8089887640449,18.10112359550562,5.235955056179775,15.044943820224718,-1,
201218,142.25238095238097,28.81904761904762,22.523809523809526,991.5238095238095,20.523809523809526,2.380952380952381,9.047619047619047,2,Western Pacific Eastern Path Typhoon Cluster
201219,143.12727272727273,22.954545454545453,21.545454545454547,992.8181818181819,27.90909090909091,2.3636363636363638,8.818181818181818,-1,
201220,114.9735294117647,14.950000000000001,19.823529411764707,993.3529411764706,11.294117647058824,1.9411764705882353,8.117647058823529,0,Low Latitude Wide Typhoon Cluster
201221,130.67468354430378,21.31772151898734,35.822784810126585,964.2405063291139,10.670886075949367,3.8987341772151898,12.253164556962025,0,Low Latitude Wide Typhoon Cluster
201222,145.22777777777776,26.572222222222223,24.166666666666668,988.5555555555555,23.88888888888889,2.5,9.444444444444445,2,Western Pacific Eastern Path Typhoon Cluster
201223,111.28227848101265,17.38227848101266,31.70886075949367,975.3417721518987,16.88607594936709,3.4177215189873418,11.265822784810126,0,Low Latitude Wide Typhoon Cluster
201224,130.03492063492064,9.304761904761905,38.6031746031746,962.9047619047619,15.317460317460318,4.2063492063492065,12.793650793650794,-1,
201225,123.52499999999999,11.075000000000001,18.333333333333332,1000.0,23.416666666666668,1.9166666666666667,7.916666666666667,0,Low Latitude Wide Typhoon Cluster
201301,111.61315789473684,7.684210526315789,19.92105263157895,997.8421052631579,12.236842105263158,1.894736842105263,8.236842105263158,0,Low Latitude Wide Typhoon Cluster
201302,109.5090909090909,4.8,17.818181818181817,1004.1818181818181,2.727272727272727,1.9090909090909092,7.909090909090909,-1,
201303,133.1,22.895454545454545,20.727272727272727,993.4090909090909,15.409090909090908,2.0454545454545454,8.5,-1,
201304,125.56326530612246,25.273469387755103,20.551020408163264,992.9795918367347,28.3265306122449,1.9795918367346939,8.36734693877551,0,Low Latitude Wide Typhoon Cluster
201305,110.55,19.283333333333335,20.645833333333332,990.6875,14.8125,2.0,8.395833333333334,0,Low Latitude Wide Typhoon Cluster
201306,117.51500000000001,16.23,22.55,992.05,28.2,2.35,9.05,0,Low Latitude Wide Typhoon Cluster
201307,126.34285714285714,23.49206349206349,42.15873015873016,953.4126984126984,23.3015873015873,4.555555555555555,13.666666666666666,0,Low Latitude Wide Typhoon Cluster
201308,119.278125,21.54375,19.9375,996.15625,19.3125,1.96875,8.09375,0,Low Latitude Wide Typhoon Cluster
201309,113.02571428571429,16.88285714285714,24.114285714285714,988.0,16.62857142857143,2.5428571428571427,9.457142857142857,0,Low Latitude Wide Typhoon Cluster
201310,107.77600000000001,18.328,20.96,994.52,20.32,2.0,8.48,0,Low Latitude Wide Typhoon Cluster
201311,116.62941176470588,18.769411764705882,39.15294117647059,960.6588235294117,20.71764705882353,4.294117647058823,13.047058823529412,0,Low Latitude Wide Typhoon Cluster
201312,121.99285714285715,24.77285714285714,26.957142857142856,977.3571428571429,22.257142857142856,2.9714285714285715,10.128571428571428,0,Low Latitude Wide Typhoon Cluster
201313,173.06521739130434,19.273913043478263,26.47826086956522,990.3478260869565,18.434782608695652,3.0434782608695654,10.08695652173913,-1,
201314,176.73333333333335,16.733333333333334,26.333333333333332,990.6666666666666,21.666666666666668,3.0,10.0,-1,
201315,123.2204081632653,23.857142857142858,22.081632653061224,991.5714285714286,20.06122448979592,2.3877551020408165,9.0,0,Low Latitude Wide Typhoon Cluster
201316,177.1,33.8,18.0,1002.0,10.0,2.0,8.0,-1,
201317,126.83103448275861,27.96206896551724,23.0,989.9310344827586,10.793103448275861,2.206896551724138,9.03448275862069,-1,
201318,138.88333333333333,28.5,22.333333333333332,986.5,39.833333333333336,2.3333333333333335,9.0,-1,
201319,123.49795918367346,19.879591836734694,45.12244897959184,945.530612244898,17.102040816326532,4.816326530612245,14.10204081632653,0,Low Latitude Wide Typhoon Cluster
201320,142.5285714285714,27.857142857142858,30.80952380952381,973.3809523809524,26.428571428571427,3.4285714285714284,11.19047619047619,-1,
201321,111.54137931034482,16.80344827586207,35.89655172413793,968.1034482758621,13.448275862068966,3.896551724137931,12.310344827586206,0,Low Latitude Wide Typhoon Cluster
201322,143.45,32.4625,19.375,995.75,34.75,2.0,8.125,-1,
201323,127.31041666666665,22.735416666666666,37.6875,960.9375,14.729166666666666,4.229166666666667,12.666666666666666,0,Low Latitude Wide Typhoon Cluster
201324,133.53529411764706,25.147058823529413,37.64705882352941,963.1176470588235,30.352941176470587,4.0,12.470588235294118,-1,
201325,116.94,15.526666666666667,35.22222222222222,969.1777777777778,15.2,3.7777777777777777,12.133333333333333,0,Low Latitude Wide Typhoon Cluster
201326,138.27857142857144,21.014285714285712,33.642857142857146,969.0,28.214285714285715,3.5714285714285716,11.714285714285714,1,South China Sea Short-Range Typhoon Cluster
201327,134.73548387096776,21.270967741935483,38.32258064516129,962.5806451612904,14.838709677419354,4.193548387096774,12.741935483870968,0,Low Latitude Wide Typhoon Cluster
201328,149.80666666666667,24.886666666666667,45.86666666666667,947.6666666666666,38.6,4.933333333333334,14.333333333333334,-1,
201329,118.5391304347826,18.815217391304348,31.543478260869566,975.9347826086956,16.47826086956522,3.5,11.195652173913043,0,Low Latitude Wide Typhoon Cluster
201330,116.74000000000001,15.268571428571429,44.0,951.2,27.142857142857142,4.6571428571428575,13.685714285714285,0,Low Latitude Wide Typhoon Cluster
201331,110.25,12.25,18.0,1000.0,30.0,2.0,8.0,-1,
201401,128.1,7.0,18.0,1007.0,9.0,2.0,8.0,-1,
201402,124.74285714285715,10.285714285714286,22.428571428571427,991.0,30.571428571428573,2.142857142857143,8.857142857142858,-1,
201403,150.22,13.15,25.25,986.6,15.45,2.7,9.75,-1,
201404,132.32,7.15,19.6,996.2,11.3,2.0,8.0,0,Low Latitude Wide Typhoon Cluster
201405,147.17499999999998,16.566666666666666,27.333333333333332,983.9166666666666,13.0,3.0833333333333335,10.416666666666666,-1,
201406,131.02,26.24,18.8,995.2,48.0,2.0,8.0,-1,
201407,119.12857142857143,23.257142857142856,20.885714285714286,990.2285714285714,19.714285714285715,2.0,8.428571428571429,0,Low Latitude Wide Typhoon Cluster
201408,128.7473684210526,25.474999999999998,44.11842105263158,950.7763157894736,24.276315789473685,4.828947368421052,14.026315789473685,0,Low Latitude Wide Typhoon Cluster
201409,116.26915887850467,17.59626168224299,40.271028037383175,958.6915887850467,22.05607476635514,4.336448598130841,13.093457943925234,-1,
201410,121.97678571428571,24.945535714285715,29.875,977.9642857142857,24.482142857142858,3.205357142857143,10.767857142857142,0,Low Latitude Wide Typhoon Cluster
201411,134.208,22.005333333333336,40.70666666666666,953.3466666666667,14.906666666666666,4.4,13.24,0,Low Latitude Wide Typhoon Cluster
201412,126.02386363636364,29.313636363636363,21.25,986.6931818181819,16.727272727272727,2.2045454545454546,8.659090909090908,0,Low Latitude Wide Typhoon Cluster
201413,174.76842105263157,23.968421052631577,49.21052631578947,941.421052631579,24.68421052631579,5.2105263157894735,15.0,-1,
201414,139.575,31.13125,25.625,986.8125,35.75,2.6875,9.8125,-1,
201415,116.5695652173913,18.378260869565217,35.05797101449275,969.3478260869565,27.666666666666668,3.681159420289855,12.0,-1,
201416,121.8959677419355,24.73548387096774,24.669354838709676,987.2903225806451,21.274193548387096,2.693548387096774,9.435483870967742,0,Low Latitude Wide Typhoon Cluster
201417,146.12857142857143,26.1,22.285714285714285,990.5714285714286,22.476190476190474,2.380952380952381,8.952380952380953,2,Western Pacific Eastern Path Typhoon Cluster
201418,137.96470588235294,23.50588235294118,38.73529411764706,958.2941176470588,25.235294117647058,4.088235294117647,12.764705882352942,0,Low Latitude Wide Typhoon Cluster
201419,133.66923076923078,21.423076923076923,44.15384615384615,948.5538461538462,21.03076923076923,4.569230769230769,13.63076923076923,0,Low Latitude Wide Typhoon Cluster
201420,135.276,19.648,41.0,956.8,19.24,4.44,13.28,0,Low Latitude Wide Typhoon Cluster
201421,112.3,12.529166666666667,23.375,988.5833333333334,19.208333333333332,2.4166666666666665,9.041666666666666,0,Low Latitude Wide Typhoon Cluster
201422,122.16078431372549,12.346078431372549,31.08823529411765,974.843137254902,18.676470588235293,3.1666666666666665,10.833333333333334,0,Low Latitude Wide Typhoon Cluster
201423,122.25238095238096,9.519047619047619,18.857142857142858,993.952380952381,13.047619047619047,1.7619047619047619,8.0,0,Low Latitude Wide Typhoon Cluster
201501,127.91851851851852,12.192592592592591,24.962962962962962,987.1851851851852,16.0,2.7037037037037037,9.592592592592593,-1,
201502,155.35625,13.55625,31.3125,975.5,10.0625,3.375,11.125,-1,
201503,150.62083333333334,11.979166666666666,21.458333333333332,992.1666666666666,26.416666666666668,2.2083333333333335,8.666666666666666,-1,
201504,134.084,12.884,36.28,965.36,20.68,3.76,12.06,-1,
201505,151.18,9.040000000000001,21.9,991.8,3.8,2.0,8.7,-1,
201506,127.54677419354839,16.419354838709676,42.096774193548384,955.0322580645161,27.20967741935484,4.532258064516129,13.516129032258064,0,Low Latitude Wide Typhoon Cluster
201507,148.85714285714286,14.554761904761904,36.095238095238095,966.4761904761905,19.904761904761905,3.8333333333333335,12.166666666666666,-1,
201508,109.52179487179488,19.011538461538464,20.82051282051282,987.8846153846154,11.217948717948717,2.2564102564102564,8.564102564102564,0,Low Latitude Wide Typhoon Cluster
201509,130.59736842105264,24.87982456140351,38.89473684210526,961.1052631578947,22.728070175438596,4.2368421052631575,12.868421052631579,0,Low Latitude Wide Typhoon Cluster
201510,119.46694915254237,20.07372881355932,26.47457627118644,982.9067796610169,11.254237288135593,2.9237288135593222,10.067796610169491,0,Low Latitude Wide Typhoon Cluster
201511,145.5948275862069,19.95,40.86206896551724,956.7931034482758,16.79310344827586,4.448275862068965,13.224137931034482,0,Low Latitude Wide Typhoon Cluster
201512,147.27068965517242,22.53448275862069,30.275862068965516,977.7241379310345,20.948275862068964,3.3448275862068964,11.017241379310345,-1,
201513,127.3,22.300943396226415,38.0377358490566,961.0754716981132,20.433962264150942,3.9716981132075473,12.5,0,Low Latitude Wide Typhoon Cluster
201514,145.276,30.448,19.24,995.92,20.36,2.0,8.12,0,Low Latitude Wide Typhoon Cluster
201515,127.87177419354839,23.83951612903226,43.564516129032256,951.2822580645161,20.31451612903226,4.725806451612903,13.814516129032258,0,Low Latitude Wide Typhoon Cluster
201516,152.71521739130435,23.280434782608697,41.67391304347826,955.4565217391304,17.456521739130434,4.413043478260869,13.282608695652174,0,Low Latitude Wide Typhoon Cluster
201517,166.975,26.452499999999997,37.3,966.125,18.9,3.975,12.6,-1,
201518,137.98181818181817,28.218181818181815,20.181818181818183,994.5454545454545,24.636363636363637,2.0,8.363636363636363,0,Low Latitude Wide Typhoon Cluster
201519,109.52173913043478,15.48695652173913,19.217391304347824,995.5217391304348,13.347826086956522,1.9565217391304348,7.956521739130435,0,Low Latitude Wide Typhoon Cluster
201520,145.26500000000001,25.185,33.95,970.65,19.7,3.6,11.7,4,East China Sea-Western Pacific Typhoon Cluster
201521,125.62249999999999,22.541249999999998,41.5375,955.975,17.3875,4.4625,13.4,0,Low Latitude Wide Typhoon Cluster
201522,113.74594594594596,19.435135135135134,31.594594594594593,976.4864864864865,20.5,3.4324324324324325,11.175675675675675,0,Low Latitude Wide Typhoon Cluster
201523,155.9608695652174,24.256521739130434,25.91304347826087,985.304347826087,27.0,2.739130434782609,9.826086956521738,-1,
201524,124.73148148148148,16.71851851851852,32.092592592592595,972.8333333333334,9.722222222222221,3.4444444444444446,11.296296296296296,0,Low Latitude Wide Typhoon Cluster
201525,145.56521739130434,20.821739130434782,36.45652173913044,965.3913043478261,17.195652173913043,3.891304347826087,12.217391304347826,-1,
201526,141.0842105263158,13.481578947368419,35.78947368421053,966.578947368421,19.44736842105263,3.973684210526316,12.210526315789474,-1,
201527,124.99000000000001,12.6725,37.35,963.65,15.85,4.0,12.45,0,Low Latitude Wide Typhoon Cluster
201601,123.2195652173913,21.883695652173913,42.41304347826087,951.9673913043479,15.98913043478261,4.326086956521739,13.16304347826087,0,Low Latitude Wide Typhoon Cluster
201602,158.56,32.88,18.0,998.0,41.6,2.0,8.0,3,Open Ocean Typhoon Cluster
201603,108.76341463414634,19.40487804878049,22.24390243902439,991.3658536585366,15.902439024390244,2.341463414634146,8.902439024390244,0,Low Latitude Wide Typhoon Cluster
201604,116.68524590163935,21.15573770491803,29.360655737704917,979.7213114754098,22.75409836065574,3.180327868852459,10.721311475409836,0,Low Latitude Wide Typhoon Cluster
201605,146.64761904761903,27.93809523809524,24.095238095238095,987.952380952381,22.285714285714285,2.4761904761904763,9.333333333333334,2,Western Pacific Eastern Path Typhoon Cluster
201606,155.60000000000002,22.216666666666665,22.22222222222222,989.5,20.166666666666668,2.3333333333333335,8.833333333333334,-1,
201607,142.97333333333333,30.233333333333334,20.533333333333335,991.2,30.0,2.0,8.266666666666667,-1,
201608,109.0891891891892,20.686486486486487,21.945945945945947,981.2702702702703,19.756756756756758,2.3513513513513513,8.891891891891891,0,Low Latitude Wide Typhoon Cluster
201609,140.49285714285716,28.657142857142855,24.5,987.3571428571429,35.857142857142854,2.5714285714285716,9.571428571428571,-1,
201610,134.53636363636363,28.496363636363636,36.127272727272725,963.5636363636364,17.418181818181818,3.909090909090909,12.254545454545454,0,Low Latitude Wide Typhoon Cluster
201611,144.21666666666667,36.800000000000004,18.0,995.0,36.0,2.0,8.0,-1,
201612,129.946875,28.853125,31.5,974.84375,14.84375,3.46875,11.25,5,East Asia Coastal Typhoon Cluster
201613,129.31428571428572,28.664285714285715,18.428571428571427,998.2857142857143,32.42857142857143,2.0,8.0,-1,
201614,122.33580246913581,22.535802469135803,46.32098765432099,944.1481481481482,21.48148148148148,4.419753086419753,13.567901234567902,0,Low Latitude Wide Typhoon Cluster
201615,107.76666666666667,15.966666666666667,17.0,998.6666666666666,26.666666666666668,1.6666666666666667,7.666666666666667,0,Low Latitude Wide Typhoon Cluster
201616,125.81546391752578,24.327835051546394,43.7319587628866,952.3711340206186,19.432989690721648,4.690721649484536,13.917525773195877,0,Low Latitude Wide Typhoon Cluster
201617,123.8671052631579,22.48157894736842,35.85526315789474,966.5263157894736,19.605263157894736,3.8815789473684212,12.171052631578947,0,Low Latitude Wide Typhoon Cluster
201618,131.2367088607595,23.874683544303796,43.69620253164557,951.1898734177215,29.0126582278481,4.594936708860759,13.708860759493671,0,Low Latitude Wide Typhoon Cluster
201619,117.33047619047619,21.253333333333334,23.495238095238093,991.4761904761905,3.6095238095238096,2.4952380952380953,9.228571428571428,0,Low Latitude Wide Typhoon Cluster
201621,114.82755102040817,17.696938775510205,35.59183673469388,968.9183673469388,16.8265306122449,3.9081632653061225,12.306122448979592,0,Low Latitude Wide Typhoon Cluster
201622,124.1527027027027,17.654054054054054,43.0945945945946,953.0,24.243243243243242,4.648648648648648,13.675675675675675,0,Low Latitude Wide Typhoon Cluster
201623,140.98076923076923,18.365384615384617,30.384615384615383,976.9230769230769,18.307692307692307,3.3076923076923075,10.961538461538462,0,Low Latitude Wide Typhoon Cluster
201624,151.02727272727273,18.70909090909091,18.0,997.8181818181819,20.545454545454547,2.0,8.0,-1,
201625,117.98888888888888,15.23703703703704,25.925925925925927,985.1851851851852,11.944444444444445,2.7777777777777777,9.62962962962963,0,Low Latitude Wide Typhoon Cluster
201626,122.80322580645162,13.493548387096775,36.70967741935484,963.8225806451613,17.177419354838708,3.9516129032258065,12.274193548387096,0,Low Latitude Wide Typhoon Cluster
201701,134.82222222222222,14.433333333333334,18.0,998.0,15.555555555555555,2.0,8.0,-1,
201702,115.28181818181817,20.704545454545453,20.954545454545453,993.2045454545455,19.545454545454547,2.25,8.613636363636363,0,Low Latitude Wide Typhoon Cluster
201703,126.95555555555555,27.477777777777778,22.555555555555557,992.1666666666666,41.111111111111114,2.5555555555555554,9.222222222222221,-1,
201704,108.89473684210526,17.95263157894737,22.763157894736842,991.2894736842105,18.657894736842106,2.3684210526315788,9.0,0,Low Latitude Wide Typhoon Cluster
201705,142.47027027027028,28.045945945945945,36.153153153153156,967.1981981981982,13.927927927927929,3.936936936936937,12.252252252252251,0,Low Latitude Wide Typhoon Cluster
201706,166.92727272727274,30.763636363636362,20.454545454545453,996.7727272727273,25.90909090909091,2.1818181818181817,8.454545454545455,-1,
201707,115.72222222222223,21.983333333333334,18.22222222222222,998.0,20.333333333333332,2.0,8.0,0,Low Latitude Wide Typhoon Cluster
201708,110.3890625,17.371875,19.375,995.859375,7.96875,2.0,8.1875,0,Low Latitude Wide Typhoon Cluster
201709,123.40483870967742,21.9741935483871,31.741935483870968,974.9516129032259,17.129032258064516,3.370967741935484,11.290322580645162,0,Low Latitude Wide Typhoon Cluster
201710,118.10547945205481,21.900000000000002,19.17808219178082,991.7671232876712,21.136986301369863,2.0,8.082191780821917,0,Low Latitude Wide Typhoon Cluster
201711,162.94615384615386,30.700000000000003,20.615384615384617,993.5,20.346153846153847,2.0,8.384615384615385,-1,
201712,164.55757575757573,25.093939393939394,35.484848484848484,968.6969696969697,26.727272727272727,4.0,12.272727272727273,-1,
201713,116.5448717948718,21.37051282051282,27.564102564102566,980.9358974358975,23.653846153846153,2.9358974358974357,10.217948717948717,0,Low Latitude Wide Typhoon Cluster
201714,117.40416666666665,19.291666666666668,23.354166666666668,989.5416666666666,28.041666666666668,2.3541666666666665,9.083333333333334,0,Low Latitude Wide Typhoon Cluster
201715,145.0,27.41351351351351,27.864864864864863,981.8378378378378,24.18918918918919,3.081081081081081,10.405405405405405,2,Western Pacific Eastern Path Typhoon Cluster
201716,117.34492753623189,21.37391304347826,21.71014492753623,993.4202898550725,7.826086956521739,2.420289855072464,8.971014492753623,0,Low Latitude Wide Typhoon Cluster
201717,120.05333333333333,21.026666666666664,18.0,998.0,11.666666666666666,2.0,8.0,0,Low Latitude Wide Typhoon Cluster
201718,127.78500000000001,26.45583333333333,39.38333333333333,960.6583333333333,17.866666666666667,4.233333333333333,13.05,0,Low Latitude Wide Typhoon Cluster
201719,112.375,16.21029411764706,28.58823529411765,980.1911764705883,20.544117647058822,3.0441176470588234,10.485294117647058,0,Low Latitude Wide Typhoon Cluster
201720,115.83116883116882,18.97142857142857,28.649350649350648,979.961038961039,17.12987012987013,3.142857142857143,10.597402597402597,0,Low Latitude Wide Typhoon Cluster
201721,132.57058823529414,18.231372549019607,37.3921568627451,963.7058823529412,23.235294117647058,4.019607843137255,12.490196078431373,1,South China Sea Short-Range Typhoon Cluster
201722,132.26756756756757,21.835135135135136,25.10810810810811,985.5675675675676,26.83783783783784,2.5945945945945947,9.64864864864865,-1,
201723,113.15192307692307,12.765384615384615,30.51923076923077,976.7692307692307,20.673076923076923,3.3846153846153846,11.01923076923077,0,Low Latitude Wide Typhoon Cluster
201724,115.8271186440678,17.12542372881356,21.610169491525422,993.1864406779661,15.76271186440678,2.23728813559322,8.694915254237289,0,Low Latitude Wide Typhoon Cluster
201725,112.4,11.1,19.636363636363637,998.9090909090909,23.272727272727273,2.0,8.0,0,Low Latitude Wide Typhoon Cluster
201726,119.62903225806451,10.05967741935484,19.758064516129032,997.2096774193549,14.419354838709678,2.0,8.241935483870968,0,Low Latitude Wide Typhoon Cluster
201727,118.08048780487805,8.134146341463415,28.365853658536587,981.1463414634146,21.78048780487805,3.073170731707317,10.463414634146341,-1,
201801,116.9470588235294,10.299999999999999,16.41176470588235,1001.1764705882352,25.823529411764707,1.4705882352941178,7.470588235294118,0,Low Latitude Wide Typhoon Cluster
201802,125.94827586206897,8.12758620689655,18.413793103448278,1000.7586206896551,25.344827586206897,2.0,8.0,0,Low Latitude Wide Typhoon Cluster
201803,137.70238095238096,13.283333333333333,27.333333333333332,981.7619047619048,13.642857142857142,2.9523809523809526,10.119047619047619,-1,
201804,111.23495145631068,19.39126213592233,17.941747572815533,996.3883495145631,9.54368932038835,1.7864077669902914,7.747572815533981,0,Low Latitude Wide Typhoon Cluster
201805,131.44594594594594,23.256756756756758,22.135135135135137,990.7027027027027,30.405405405405407,2.2162162162162162,8.891891891891891,0,Low Latitude Wide Typhoon Cluster
201806,123.41363636363636,24.218181818181815,16.454545454545453,992.9090909090909,20.454545454545453,1.3636363636363635,7.363636363636363,0,Low Latitude Wide Typhoon Cluster
201807,129.0108695652174,26.028260869565216,25.17391304347826,984.7826086956521,21.369565217391305,2.608695652173913,9.673913043478262,0,Low Latitude Wide Typhoon Cluster
201808,130.23714285714286,22.057142857142857,45.55714285714286,947.4857142857143,24.15714285714286,4.928571428571429,14.314285714285715,0,Low Latitude Wide Typhoon Cluster
201809,112.204,18.958,19.78,991.68,29.78,1.88,8.22,0,Low Latitude Wide Typhoon Cluster
201810,122.96756756756757,30.836936936936937,21.74774774774775,988.072072072072,23.18918918918919,2.2612612612612613,8.747747747747749,0,Low Latitude Wide Typhoon Cluster
201811,157.4388888888889,33.22777777777778,24.444444444444443,987.7222222222222,27.11111111111111,2.4444444444444446,9.38888888888889,-1,
201812,129.8910891089109,29.09009900990099,23.613861386138613,985.2772277227723,18.81188118811881,2.3465346534653464,9.158415841584159,0,Low Latitude Wide Typhoon Cluster
201813,145.5186046511628,28.453488372093023,34.093023255813954,971.0,21.3953488372093,3.6511627906976742,11.86046511627907,4,East China Sea-Western Pacific Typhoon Cluster
201814,125.54691358024691,25.932098765432098,19.71604938271605,992.716049382716,23.82716049382716,2.0246913580246915,8.246913580246913,0,Low Latitude Wide Typhoon Cluster
201815,138.5,26.299999999999997,25.571428571428573,984.952380952381,29.095238095238095,2.5714285714285716,9.476190476190476,2,Western Pacific Eastern Path Typhoon Cluster
201816,111.2669014084507,20.440845070422533,21.711267605633804,987.6760563380282,7.52112676056338,2.1971830985915495,8.767605633802816,0,Low Latitude Wide Typhoon Cluster
201817,175.5125,26.8,19.0,996.5,30.375,2.0,8.0,-1,
201818,121.35394736842105,30.821052631578947,20.57894736842105,989.3421052631579,19.157894736842106,2.0921052631578947,8.473684210526315,0,Low Latitude Wide Typhoon Cluster
201819,131.67307692307693,29.323076923076922,38.1025641025641,962.8333333333334,19.76923076923077,4.141025641025641,12.666666666666666,0,Low Latitude Wide Typhoon Cluster
201820,143.26666666666668,23.4,32.916666666666664,972.0555555555555,31.416666666666668,3.5833333333333335,11.555555555555555,-1,
201821,142.20624999999998,22.829166666666666,44.958333333333336,948.6458333333334,25.25,4.75,13.958333333333334,-1,
201822,126.68653846153846,18.022115384615383,45.24038461538461,949.3076923076923,27.5,4.576923076923077,13.865384615384615,0,Low Latitude Wide Typhoon Cluster
201823,115.56612903225808,20.838709677419356,20.56451612903226,995.0645161290323,16.06451612903226,1.9516129032258065,8.32258064516129,0,Low Latitude Wide Typhoon Cluster
201824,131.0768115942029,22.120289855072464,45.927536231884055,947.9855072463768,19.579710144927535,4.927536231884058,14.318840579710145,0,Low Latitude Wide Typhoon Cluster
201825,131.61666666666667,22.8537037037037,41.5,956.0925925925926,26.685185185185187,4.425925925925926,13.37037037037037,0,Low Latitude Wide Typhoon Cluster
201826,130.9270588235294,16.78235294117647,42.83529411764706,953.7647058823529,15.929411764705883,4.329411764705882,13.48235294117647,0,Low Latitude Wide Typhoon Cluster
201827,110.9,10.58,17.1,1002.9,16.0,1.7,7.7,0,Low Latitude Wide Typhoon Cluster
201828,139.06486486486486,14.602702702702702,30.83783783783784,976.8108108108108,20.16216216216216,3.324324324324324,11.08108108108108,-1,
201829,114.43409090909091,10.343181818181819,20.227272727272727,996.5,15.977272727272727,1.9090909090909092,8.363636363636363,0,Low Latitude Wide Typhoon Cluster
201901,106.86,6.766666666666667,19.233333333333334,998.9,16.066666666666666,1.9,8.133333333333333,0,Low Latitude Wide Typhoon Cluster
201902,143.92692307692306,11.551923076923078,41.05769230769231,957.0576923076923,15.461538461538462,4.384615384615385,13.25,-1,
201903,138.78,33.82,19.6,995.6,48.0,2.0,8.0,-1,
201904,109.32666666666667,19.133333333333333,17.42222222222222,992.8,12.555555555555555,1.8,7.8,0,Low Latitude Wide Typhoon Cluster
201905,124.95,26.776136363636365,20.28409090909091,990.9886363636364,23.5,1.875,8.352272727272727,0,Low Latitude Wide Typhoon Cluster
201906,136.27142857142857,32.285714285714285,18.0,998.0,22.714285714285715,2.0,8.0,0,Low Latitude Wide Typhoon Cluster
201907,110.65675675675676,20.314864864864866,21.594594594594593,986.9324324324324,13.77027027027027,1.9324324324324325,8.64864864864865,0,Low Latitude Wide Typhoon Cluster
201908,140.60344827586206,28.227586206896554,25.620689655172413,985.3103448275862,28.137931034482758,2.7241379310344827,9.793103448275861,2,Western Pacific Eastern Path Typhoon Cluster
201909,122.97435897435898,28.525641025641026,35.35897435897436,961.5064102564103,14.378205128205128,3.6346153846153846,11.884615384615385,0,Low Latitude Wide Typhoon Cluster
201910,138.08548387096772,25.98548387096774,30.016129032258064,977.3870967741935,15.338709677419354,3.2580645161290325,10.693548387096774,5,East Asia Coastal Typhoon Cluster
201911,121.95081967213115,20.99016393442623,24.9672131147541,986.5901639344262,23.704918032786885,2.5737704918032787,9.672131147540984,0,Low Latitude Wide Typhoon Cluster
201912,113.89423076923077,17.178846153846152,21.076923076923077,992.4615384615385,26.192307692307693,2.0961538461538463,8.557692307692308,0,Low Latitude Wide Typhoon Cluster
201913,125.44173228346457,27.700787401574804,37.98425196850393,961.0157480314961,26.275590551181104,4.173228346456693,12.5748031496063,0,Low Latitude Wide Typhoon Cluster
201914,112.37826086956521,18.195652173913043,15.652173913043478,998.6086956521739,17.608695652173914,1.2173913043478262,7.217391304347826,0,Low Latitude Wide Typhoon Cluster
201915,145.68709677419355,30.18064516129032,32.064516129032256,973.8064516129032,33.064516129032256,3.4516129032258065,11.225806451612904,-1,
201916,145.56666666666666,21.05,17.5,998.3333333333334,27.333333333333332,1.8333333333333333,7.833333333333333,-1,
201917,126.98730158730159,26.993650793650794,27.952380952380953,982.1904761904761,24.22222222222222,3.0952380952380953,10.507936507936508,0,Low Latitude Wide Typhoon Cluster
201918,124.1470588235294,26.801176470588235,30.529411764705884,976.8941176470588,25.352941176470587,3.3176470588235296,11.023529411764706,0,Low Latitude Wide Typhoon Cluster
201919,143.2159090909091,22.556818181818183,48.59090909090909,941.4772727272727,25.59090909090909,5.045454545454546,14.863636363636363,-1,
201920,129.0222222222222,22.5,28.22222222222222,986.5925925925926,17.14814814814815,3.074074074074074,10.444444444444445,-1,
201921,145.98333333333332,20.452777777777776,39.666666666666664,959.5555555555555,25.0,4.25,13.027777777777779,-1,
201922,110.9923076923077,13.292307692307693,21.153846153846153,996.6153846153846,20.653846153846153,2.269230769230769,8.692307692307692,0,Low Latitude Wide Typhoon Cluster
201923,152.4090909090909,20.184848484848487,41.78787878787879,955.3333333333334,14.363636363636363,4.424242424242424,13.424242424242424,0,Low Latitude Wide Typhoon Cluster
201924,114.8796875,13.04765625,27.140625,983.703125,7.515625,3.015625,10.3046875,0,Low Latitude Wide Typhoon Cluster
201925,149.865625,20.28125,31.75,973.9375,27.28125,3.53125,11.21875,-1,
201926,124.69655172413792,16.44137931034483,22.06896551724138,993.8793103448276,10.568965517241379,2.396551724137931,8.982758620689655,0,Low Latitude Wide Typhoon Cluster
201927,125.97083333333335,19.466666666666665,22.541666666666668,990.2916666666666,18.5,2.2916666666666665,9.0,0,Low Latitude Wide Typhoon Cluster
201928,126.28620689655172,13.622988505747127,33.14942528735632,972.551724137931,17.229885057471265,3.6206896551724137,11.632183908045977,0,Low Latitude Wide Typhoon Cluster
201929,120.725,13.05875,32.45,974.35,16.2125,3.45,11.4375,0,Low Latitude Wide Typhoon Cluster
202001,124.8741935483871,13.283870967741937,31.483870967741936,975.0,15.290322580645162,3.5161290322580645,11.193548387096774,0,Low Latitude Wide Typhoon Cluster
202002,114.27608695652174,19.713043478260868,20.565217391304348,993.5217391304348,21.47826086956522,1.9782608695652173,8.326086956521738,0,Low Latitude Wide Typhoon Cluster
202003,107.352,19.032,18.0,992.0,15.8,2.0,8.0,0,Low Latitude Wide Typhoon Cluster
202004,122.57604166666665,28.014583333333334,24.291666666666668,988.4375,24.208333333333332,2.5416666666666665,9.385416666666666,0,Low Latitude Wide Typhoon Cluster
202005,126.65333333333334,27.91,21.433333333333334,993.8,48.03333333333333,2.0,8.566666666666666,-1,
202006,118.22258064516129,21.806451612903224,23.225806451612904,990.1290322580645,27.774193548387096,2.5483870967741935,9.32258064516129,0,Low Latitude Wide Typhoon Cluster
202007,115.24888888888889,21.24222222222222,24.377777777777776,987.2444444444444,21.555555555555557,2.488888888888889,9.355555555555556,0,Low Latitude Wide Typhoon Cluster
202008,124.79922480620155,30.013178294573642,34.41085271317829,970.5968992248062,19.27906976744186,3.8217054263565893,11.875968992248062,0,Low Latitude Wide Typhoon Cluster
202009,127.33440860215055,29.288172043010753,37.043010752688176,956.5376344086021,23.204301075268816,4.075268817204301,12.451612903225806,0,Low Latitude Wide Typhoon Cluster
202010,133.4276595744681,27.39148936170213,41.276595744680854,953.531914893617,24.319148936170212,4.361702127659575,13.25531914893617,0,Low Latitude Wide Typhoon Cluster
202011,114.19672131147541,14.39344262295082,21.918032786885245,990.8196721311475,20.131147540983605,2.442622950819672,9.032786885245901,0,Low Latitude Wide Typhoon Cluster
202012,136.65555555555557,28.966666666666665,23.944444444444443,987.7222222222222,13.5,2.5,9.277777777777779,-1,
202013,156.16,30.405,24.2,988.1,35.05,2.55,9.35,-1,
202014,135.696875,27.109375,29.84375,978.5,15.78125,3.21875,10.8125,5,East Asia Coastal Typhoon Cluster
202015,110.91333333333334,14.566666666666666,18.0,997.8666666666667,18.2,1.7333333333333334,7.733333333333333,0,Low Latitude Wide Typhoon Cluster
202016,112.078125,18.6765625,21.609375,991.859375,20.46875,2.078125,8.734375,0,Low Latitude Wide Typhoon Cluster
202017,115.36422764227642,17.077235772357724,27.83739837398374,982.650406504065,13.878048780487806,2.991869918699187,10.341463414634147,0,Low Latitude Wide Typhoon Cluster
202018,116.1546875,13.70625,37.109375,964.828125,24.46875,4.078125,12.484375,0,Low Latitude Wide Typhoon Cluster
202019,118.1042372881356,14.748305084745763,27.949152542372882,980.5169491525423,14.211864406779661,2.73728813559322,9.838983050847459,0,Low Latitude Wide Typhoon Cluster
202020,126.7265306122449,19.401020408163266,24.653061224489797,987.6224489795918,15.744897959183673,2.5510204081632653,9.428571428571429,0,Low Latitude Wide Typhoon Cluster
202021,112.45454545454545,12.513636363636364,20.90909090909091,992.5681818181819,21.09090909090909,2.1363636363636362,8.636363636363637,0,Low Latitude Wide Typhoon Cluster
202022,115.59791666666666,15.458333333333334,36.34375,966.9479166666666,19.010416666666668,4.03125,12.385416666666666,0,Low Latitude Wide Typhoon Cluster
202023,114.90322580645162,9.580645161290322,17.129032258064516,1001.0322580645161,15.419354838709678,1.7096774193548387,7.709677419354839,0,Low Latitude Wide Typhoon Cluster
202101,129.47083333333333,7.908333333333334,20.583333333333332,993.9583333333334,14.458333333333334,2.0,8.333333333333334,0,Low Latitude Wide Typhoon Cluster
202102,129.3493670886076,15.259493670886076,43.379746835443036,951.7974683544304,12.987341772151899,4.468354430379747,13.569620253164556,0,Low Latitude Wide Typhoon Cluster
202103,121.35454545454546,16.292727272727273,18.472727272727273,997.290909090909,21.69090909090909,2.0,8.0,0,Low Latitude Wide Typhoon Cluster
202104,108.51923076923077,19.15,17.653846153846153,994.1923076923077,17.653846153846153,1.6538461538461537,7.615384615384615,0,Low Latitude Wide Typhoon Cluster
202105,140.19259259259258,22.737037037037037,25.37037037037037,989.4074074074074,22.0,2.6296296296296298,9.703703703703704,2,Western Pacific Eastern Path Typhoon Cluster
202106,124.23812154696132,27.066850828729283,33.94475138121547,968.121546961326,10.651933701657459,3.74585635359116,11.828729281767956,0,Low Latitude Wide Typhoon Cluster
202107,112.57358490566037,21.28679245283019,28.49056603773585,981.0188679245283,6.320754716981132,3.0377358490566038,10.60377358490566,-1,
202108,150.08666666666667,28.133333333333333,18.0,998.0,21.066666666666666,2.0,8.0,0,Low Latitude Wide Typhoon Cluster
202109,118.72857142857143,24.228571428571428,18.87012987012987,988.7662337662338,12.623376623376624,1.896103896103896,8.012987012987013,0,Low Latitude Wide Typhoon Cluster
202110,137.8925925925926,31.462962962962962,21.48148148148148,991.925925925926,24.555555555555557,2.0,8.592592592592593,0,Low Latitude Wide Typhoon Cluster
202111,154.98235294117646,36.61176470588235,20.529411764705884,993.4705882352941,31.352941176470587,2.0,8.411764705882353,-1,
202112,126.15416666666665,24.139583333333334,21.5,996.5416666666666,24.354166666666668,2.0,8.625,0,Low Latitude Wide Typhoon Cluster
202113,114.53564356435643,15.11980198019802,25.396039603960396,986.039603960396,9.603960396039604,2.8118811881188117,9.712871287128714,0,Low Latitude Wide Typhoon Cluster
202114,124.94285714285714,26.651648351648355,41.010989010989015,956.8626373626373,13.95054945054945,4.384615384615385,13.23076923076923,0,Low Latitude Wide Typhoon Cluster
202115,109.74,15.073333333333332,17.4,999.0666666666667,19.666666666666668,1.8,7.8,0,Low Latitude Wide Typhoon Cluster
202116,138.39038461538462,22.771153846153844,43.84615384615385,950.8846153846154,19.076923076923077,4.730769230769231,13.884615384615385,0,Low Latitude Wide Typhoon Cluster
202117,110.08378378378379,18.89189189189189,18.16216216216216,992.4459459459459,10.486486486486486,1.8243243243243243,7.72972972972973,0,Low Latitude Wide Typhoon Cluster
202118,117.7590909090909,18.09090909090909,24.03409090909091,986.1818181818181,23.15909090909091,2.625,9.409090909090908,0,Low Latitude Wide Typhoon Cluster
202119,155.2904761904762,19.18095238095238,18.19047619047619,997.8095238095239,18.80952380952381,2.0,8.0,-1,
202120,140.54444444444445,22.50740740740741,28.962962962962962,980.2592592592592,23.814814814814813,3.111111111111111,10.592592592592593,-1,
202121,138.05833333333334,17.566666666666666,35.375,967.9166666666666,22.375,3.7083333333333335,11.958333333333334,1,South China Sea Short-Range Typhoon Cluster
202201,139.26,14.744444444444444,32.111111111111114,972.8666666666667,22.4,3.4444444444444446,11.244444444444444,1,South China Sea Short-Range Typhoon Cluster
202202,125.22777777777777,11.027777777777779,19.0,996.5,5.055555555555555,2.0,8.0,-1,
202203,112.84367816091954,19.611494252873563,24.95402298850575,980.8620689655172,14.827586206896552,2.6091954022988504,9.64367816091954,0,Low Latitude Wide Typhoon Cluster
202204,128.78787878787878,27.175757575757576,19.606060606060606,995.2121212121212,18.636363636363637,2.0,8.151515151515152,0,Low Latitude Wide Typhoon Cluster
202205,125.37457627118644,32.55084745762712,18.406779661016948,998.271186440678,14.610169491525424,2.0,8.0,-1,
202206,126.8625,31.75625,18.0,998.25,30.375,2.0,8.0,0,Low Latitude Wide Typhoon Cluster
202207,110.97500000000001,18.960416666666667,19.791666666666668,995.5833333333334,19.833333333333332,1.8958333333333333,8.145833333333334,0,Low Latitude Wide Typhoon Cluster
202208,138.49333333333334,33.486666666666665,18.933333333333334,999.0666666666667,30.6,2.0,8.0,0,Low Latitude Wide Typhoon Cluster
202209,116.47714285714285,19.464285714285715,25.885714285714286,984.4571428571429,24.142857142857142,2.8,9.885714285714286,0,Low Latitude Wide Typhoon Cluster
202210,150.65,32.836363636363636,31.0,976.2727272727273,30.454545454545453,3.409090909090909,11.181818181818182,-1,
202211,127.3081081081081,25.556081081081082,49.9527027027027,939.5405405405405,17.20945945945946,5.358108108108108,15.256756756756756,-1,
202212,123.80731707317074,27.286585365853657,36.76219512195122,965.3719512195122,16.890243902439025,3.908536585365854,12.384146341463415,0,Low Latitude Wide Typhoon Cluster
202213,162.6315789473684,27.099999999999998,30.736842105263158,977.3157894736842,20.105263157894736,3.3684210526315788,11.052631578947368,-1,
202214,134.7439024390244,27.97317073170732,39.53658536585366,958.1219512195122,21.926829268292682,4.2439024390243905,12.926829268292684,0,Low Latitude Wide Typhoon Cluster
202215,136.35,32.56666666666667,18.0,998.0,27.833333333333332,2.0,8.0,0,Low Latitude Wide Typhoon Cluster
202216,116.09210526315789,15.80921052631579,43.61842105263158,952.0921052631579,21.355263157894736,4.684210526315789,13.894736842105264,0,Low Latitude Wide Typhoon Cluster
202217,146.62105263157895,30.99473684210526,28.0,981.421052631579,33.473684210526315,3.210526315789474,10.473684210526315,-1,
202218,138.2047619047619,28.666666666666668,27.0,983.1428571428571,26.80952380952381,2.857142857142857,10.142857142857142,2,Western Pacific Eastern Path Typhoon Cluster
202219,111.08181818181819,14.413636363636364,16.90909090909091,998.8181818181819,21.363636363636363,1.6363636363636365,7.636363636363637,0,Low Latitude Wide Typhoon Cluster
202220,115.21747572815534,18.528155339805828,31.475728155339805,975.1747572815534,15.436893203883495,3.4563106796116503,11.271844660194175,0,Low Latitude Wide Typhoon Cluster
202221,161.9888888888889,32.766666666666666,18.0,998.4444444444445,39.888888888888886,2.0,8.0,3,Open Ocean Typhoon Cluster
202222,118.02327586206897,17.570689655172416,28.74137931034483,981.7327586206897,13.258620689655173,3.1379310344827585,10.577586206896552,0,Low Latitude Wide Typhoon Cluster
202223,131.56666666666666,7.483333333333333,18.0,998.6666666666666,13.666666666666666,2.0,8.0,0,Low Latitude Wide Typhoon Cluster
202224,165.77,22.53,19.8,995.3,15.1,2.0,8.0,-1,
202225,126.76315789473684,17.673684210526318,17.263157894736842,999.0,13.736842105263158,1.4210526315789473,7.578947368421052,-1,
202301,155.68333333333334,10.058333333333334,20.583333333333332,995.8333333333334,11.166666666666666,2.0,8.416666666666666,-1,
202302,134.97173913043477,16.928260869565218,43.20652173913044,951.3695652173913,16.67391304347826,4.565217391304348,13.673913043478262,0,Low Latitude Wide Typhoon Cluster
202303,132.33255813953488,19.595348837209304,32.81395348837209,973.7674418604652,18.697674418604652,3.4651162790697674,11.581395348837209,0,Low Latitude Wide Typhoon Cluster
202304,113.71954022988506,19.871264367816092,26.448275862068964,982.6436781609195,15.839080459770114,2.839080459770115,10.045977011494253,0,Low Latitude Wide Typhoon Cluster
202305,122.04476190476191,20.457142857142856,42.333333333333336,954.6095238095238,18.79047619047619,4.542857142857143,13.523809523809524,0,Low Latitude Wide Typhoon Cluster
202306,127.99333333333334,26.741212121212122,36.733333333333334,962.7151515151515,11.6,3.9454545454545453,12.351515151515152,0,Low Latitude Wide Typhoon Cluster
202307,140.74107142857142,30.62857142857143,32.785714285714285,972.1607142857143,15.892857142857142,3.5,11.410714285714286,-1,
202308,172.95499999999998,18.595,28.7,979.75,20.8,2.95,10.35,-1,
202309,118.11342281879196,20.408724832214766,46.5503355704698,945.9261744966443,10.48993288590604,4.87248322147651,14.40268456375839,-1,
202310,150.0423076923077,29.96153846153846,23.03846153846154,989.3461538461538,36.03846153846154,2.4615384615384617,9.153846153846153,-1,
202311,125.24953271028038,22.20467289719626,33.925233644859816,970.8598130841121,15.065420560747663,3.6261682242990654,11.738317757009346,0,Low Latitude Wide Typhoon Cluster
202312,152.22,18.986666666666668,24.133333333333333,988.4666666666667,31.8,2.466666666666667,9.466666666666667,-1,
202313,135.1888888888889,28.46111111111111,19.444444444444443,997.1111111111111,22.833333333333332,2.0,8.0,0,Low Latitude Wide Typhoon Cluster
202314,119.7276836158192,21.06779661016949,41.24293785310734,956.9887005649717,9.598870056497175,4.463276836158192,13.429378531073446,0,Low Latitude Wide Typhoon Cluster
202315,148.05121951219513,16.919512195121953,41.5609756097561,953.9512195121952,24.48780487804878,4.170731707317073,13.048780487804878,-1,
202316,109.16779661016949,19.34237288135593,20.11864406779661,996.0169491525423,10.23728813559322,2.0,8.288135593220339,0,Low Latitude Wide Typhoon Cluster
202317,127.3875,7.625,18.0,1000.0,25.875,2.0,8.0,0,Low Latitude Wide Typhoon Cluster
