STATION,LATITUDE,LONGITUDE,NAME
96559099999,0.063619,111.473428,"SUSILO, ID"
96109099999,0.461169,101.444642,"SULTAN SYARIF KASIM II, ID"
97048099999,0.637119,122.849858,"JALALUDDIN, ID"
97430099999,0.831414,127.381486,"BABULLAH, ID"
96565099999,0.8833333,112.9333333,"PUTUSSIBAU PAGSUMA, ID"
96091099999,0.922683,104.532311,"KIJANG, ID"
97028099999,1.0166667,120.8,"TOLI TOLI LALOS, ID"
96087099999,1.1166666,104.1166666,"BATAM HANG NADIM, ID"
96075099999,1.166381,97.704681,"BINAKA, ID"
91611099999,1.35,172.9333333,"TARAWA TIDE AWS, KR"
48698099999,1.350189,103.994433,"SINGAPORE CHANGI INTERNATIONAL, SN"
48694099999,1.360417,103.90953,"PAYA LEBAR, SN"
91610099999,1.381636,173.147036,"BONRIKI INTERNATIONAL, KR"
97016099999,1.4333333,125.1833333,"BITUNG, ID"
96413099999,1.484697,110.346933,"KUCHING INTERNATIONAL, MY"
97014099999,1.549256,124.926419,"SAM RATULANGI, ID"
96073099999,1.555944,98.888908,"PINANG SORE, ID"
48679099999,1.641308,103.669619,"SULTAN ISMAIL, MY"
96535099999,1.7666666,109.3,"PALOH, ID"
96529099999,2.15,117.4333333,"KALIMARAU, ID"
96421099999,2.261603,111.985322,"SIBU, MY"
48665099999,2.263361,102.251553,"MALACCA, MY"
96525099999,2.85,117.3333333,"TANJUNG SELOR, ID"
91601099999,3.0333333,172.7833333,"BUTARITARI ATOLL, KR"
96441099999,3.12385,113.020472,"BINTULU, MY"
48647099999,3.130583,101.549333,"SULTAN ABDUL AZIZ SHAH INTERNATIONAL, MY"
48647599999,3.133,101.55,"SULTAN ABDUL AZIZ S, MY"
96145099999,3.2,106.25,"TAREMPA, ID"
96509099999,3.3333333,117.5666666,"TARAKAN JUWATA, ID"
96035099999,3.558056,98.671722,"POLONIA, ID"
97008099999,3.683214,125.528019,"NAHA, ID"
48657099999,3.775389,103.209056,"KUANTAN, MY"
96033099999,3.8,98.7,"MEDAN BELAWAN, ID"
48620099999,4.2166667,100.7,"SITIAWAN, MY"
96015099999,4.25,96.1166667,"MEULABOH CUT NYAK, ID"
96481099999,4.313369,118.121953,"TAWAU, MY"
96449099999,4.322014,113.986806,"MIRI, MY"
96323099999,4.5833333,114.2,"KUALA BELAIT, BX"
96315099999,4.9442,114.928353,"BRUNEI INTERNATIONAL, BX"
96009099999,5.226681,96.950342,"MALIKUS SALEH, ID"
48601099999,5.297139,100.276864,"PENANG INTERNATIONAL, MY"
96465099999,5.300683,115.250181,"LABUAN, MY"
91356099999,5.356975,162.958386,"KOSRAE, FM"
96011099999,5.523522,95.420372,"SULTAN ISKANDARMUDA, ID"
96001099999,5.874131,95.339672,"MAIMUN SALEH, ID"
96491099999,5.900897,118.059486,"SANDAKAN, MY"
96471099999,5.937208,116.051181,"KOTA KINABALU INTERNATIONAL, MY"
98851099999,6.05,125.1,"GEN. SANTOS, RP"
48615099999,6.16685,102.293014,"SULTAN ISMAIL PETRA, MY"
91353099999,6.2166666,160.7,"PINGELAP ATOLL CAROLINE IS., FM"
48600099999,6.329728,99.728667,"LANGKAWI INTERNATIONAL, MY"
48583099999,6.519922,101.7434,"NARATHIWAT, TH"
48570099999,6.661403,100.080317,"KHOUN KHAN, TH"
48580099999,6.785458,101.153569,"PATTANI, TH"
98836099999,6.922419,122.059633,"ZAMBOANGA INTERNATIONAL, RP"
48569099999,6.933206,100.392975,"HAT YAI INTERNATIONAL, TH"
91375099999,7.1166666,171.35,"MAJURA MARSHALL IS., RM"
98753099999,7.125522,125.645778,"FRANCISCO BANGOY INTERNATIONAL, RP"
98746099999,7.1666666,124.2166666,"COTOBATO, RP"
48568099999,7.186564,100.608031,"SONGKHLA, TH"
91367099999,7.2666666,168.8333333,"AILINGLAPALAP ATOLL MARSHALL IS., RM"
91408040309,7.33674,134.47686,"KOROR, PW PS"
91334040505,7.46666,151.85,"CHUUK WEATHER SERVICE OFFICE AIRPORT, FM FM"
48567099999,7.508744,99.616578,"TRANG, TH"
48566099999,7.5333333,99.05,"KO LANTA, TH"
48564099999,7.8833333,98.4,"PHUKET, TH"
48919099999,8.0166666,110.6166666,"HUYEN TRAN, VM"
48565099999,8.1132,98.316872,"PHUKET INTERNATIONAL, TH"
98751099999,8.15,125.1333333,"MALAYBALAY, RP"
98755099999,8.3666666,126.3333333,"HINATUAN, RP"
98747099999,8.4166666,124.6166666,"LUMBIA AIRPORT, RP"
48552099999,8.471147,99.955625,"CHA IAN, TH"
98748099999,8.4833333,124.65,"CAGAYAN DE ORO, RP"
98741099999,8.601261,123.334481,"DIPOLOG, RP"
48920099999,8.65,111.9166666,"TRUONG SA, VM"
48561099999,8.6833333,98.25,"TAKUA PA, TH"
48918099999,8.6833333,106.6,"CON SON, VM"
91366040604,8.73333,167.73333,"KWAJALEIN, MH RM"
98752099999,8.95,125.4833333,"BUTUAN, RP"
48551099999,9.132603,99.135586,"SURAT THANI, TH"
48914099999,9.1833333,105.15,"CA MAU, VM"
48916099999,9.2833333,103.4666666,"THO CHU, VM"
98642099999,9.333714,123.300472,"DUMAGUETE, RP"
48550099999,9.4666666,100.05,"KO SAMUI, TH"
91371099999,9.4666666,170.25,"WOTJE ATOLL MARSHALL IS., RM"
91413040308,9.48333,138.08333,"YAP ISLAND WEATHER SERVICE OFFICE AIRPORT, FM FM"
59995099999,9.5333333,112.8833333,"YONGSHUJIAO, CH"
98644099999,9.664081,123.853247,"TAGBILARAN, RP"
98618099999,9.742119,118.758731,"PUERTO PRINCESA, RP"
48532099999,9.777622,98.585483,"RANONG, TH"
98653099999,9.7833333,125.4833333,"SURIGAO, RP"
48112099999,9.9666666,98.5833333,"VICTORIA POINT, BM"
48907099999,10.0,105.0833333,"RACH GIA, VM"
98648099999,10.1333333,124.8666666,"MAASIN, RP"
48917099999,10.2166666,103.9666666,"PHU QUOC, VM"
98646099999,10.307542,123.979439,"MACTAN CEBU INTERNATIONAL, RP"
59997099999,10.3833333,114.3666666,"NANSHA DAO, CH"
48517099999,10.7112,99.361706,"CHUMPHON, TH"
98637099999,10.713067,122.541083,"ILOILO, RP"
48900099999,10.818797,106.651856,"TANSONNHAT INTERNATIONAL, VM"
98630099999,10.85,121.0,"CUYO, RP"
48887099999,10.9333333,108.1,"PHAN THIET, VM"
98558099999,11.035544,125.741594,"GUIUAN, RP"
98550099999,11.227628,125.027758,"DANIEL Z ROMUALDEZ, RP"
48892099999,11.4166666,114.3333333,"SONG TU TAY SOUTH WEST CAY, VM"
48991099999,11.546556,104.844139,"PHNOM PENH INTERNATIONAL, CB"
98538099999,11.597669,122.751669,"ROXAS, RP"
43333099999,11.6666666,92.7166666,"PORT BLAIR, IN"
48501099999,11.7666666,102.8833333,"KHLONG YAI, TH"
98548099999,11.7833333,124.8833333,"CATBALOGAN, RP"
48500099999,11.788361,99.804667,"PRACHUAP, TH"
98526099999,12.2166666,120.2,"CORON, RP"
48877099999,12.25,109.2,"NHA TRANG, VM"
98531099999,12.361517,121.046639,"SAN JOSE, RP"
98543099999,12.369367,123.629236,"MASBATE, RP"
48110099999,12.4333333,98.6,"MERGUI, BM"
98546099999,12.502417,124.635778,"CATARMAN, RP"
98536099999,12.5833333,122.2833333,"ROMBLON, RP"
48480099999,12.6,102.1166667,"CHANTHABURI, TH"
48478099999,12.6333333,101.35,"RAYONG, TH"
48475099999,12.636225,99.951533,"HUA HIN, TH"
48477099999,12.6833333,100.9833333,"SATTAHIP, TH"
48875099999,12.6833333,108.0833333,"BANMETHUOT, VM"
48461099999,12.9166666,100.8666666,"PHATTHAYA, TH"
48465099999,12.9994444,100.0666666,"PHETCHABURI, TH"
98444099999,13.157064,123.746247,"LEGAZPI, RP"
48460099999,13.1666666,100.8,"KO SICHANG, TH"
48459099999,13.3666667,100.9833333,"CHON BURI SATTAHIP, TH"
98431099999,13.4166667,121.1833333,"CALAPAN MINDORO ISL, RP"
91212041415,13.48333,144.8,"GUAM INTERNATIONAL AIRPORT, GU GQ"
91218099999,13.567,144.917,"ANDERSEN AFB, GQ"
98446099999,13.576439,124.205672,"VIRAC, RP"
98447099999,13.6544444,124.3408333,"CATANDUANES RADAR, RP"
48462099999,13.7,102.5041667,"ARANYAPRATHET, TH"
48455099999,13.7333333,100.5666666,"BANGKOK METROPOLIS, TH"
48870099999,13.7666667,109.2166667,"QUY NHON, VM"
48456099999,13.912583,100.60675,"BANGKOK INTERNATIONAL, TH"
48866099999,14.004522,108.017158,"PLEIKU, VM"
48450099999,14.0166666,99.5333333,"KANCHANA BURI, TH"
98427099999,14.0166666,121.6,"TAYABAS, RP"
48430099999,14.077761,101.379883,"KHAO E TO, TH"
98432099999,14.0833333,121.05,"AMBULONG, RP"
48108099999,14.1,98.2166666,"DAWEI, BM"
98435099999,14.1,122.0166666,"ALABAT, RP"
48109099999,14.1166666,93.3666666,"COCO ISLAND, BM"
98440099999,14.129167,122.980181,"DAET, RP"
91221099999,14.167,145.25,"ROTA INTL ROTA ISL, CQ"
48425099999,14.4666666,100.1333333,"SUPHAN BURI, TH"
98428099999,14.495364,120.904075,"SANGLEY POINT AB, RP"
98429099999,14.508647,121.019581,"NINOY AQUINO INTERNATIONAL, RP"
69185499999,14.5166666,121.0166666,"VILLAMOR, RP"
98425099999,14.5833333,120.9833333,"MANILA, RP"
98430099999,14.65,121.05,"SCIENCE GARDEN, RP"
48421099999,14.75,98.6333333,"THONG PHAPHUM, TH"
98434099999,14.75,121.65,"INFANTA, RP"
98426099999,14.79445,120.271364,"SUBIC BAY INTERNATIONAL, RP"
48426099999,14.8,100.6166666,"LOP BURI, TH"
48432099999,14.8833333,103.5,"SURIN, TH"
48431099999,14.934514,102.078639,"KHORAT, TH"
91233399999,15.0,145.617,"WEST TINIAN, CQ"
91232099999,15.117,145.733,"SAIPAN ISLEY CGS, CQ"
69176499999,15.1833333,120.5666666,"CLARK INTERNATIONAL, RP"
48407099999,15.251278,104.870231,"UBON RATCHATHANI, TH"
48418099999,15.2666666,101.2,"BUA CHUM, TH"
48416099999,15.3166666,103.6833333,"THA TUM, TH"
98324099999,15.3333333,119.9666667,"IBA LUZON ISLAND, RP"
98330099999,15.4666666,120.95,"CABANATUAN, RP"
48413099999,15.6569444,101.1052778,"WICHIAN BURI, TH"
48400099999,15.672997,100.136794,"NAKHON SAWAN, TH"
98329099999,15.7333333,120.9333333,"MUNOZ, RP"
98334099999,15.75,121.6333333,"BALER RADAR, RP"
48403099999,15.8,102.0333333,"CHAIYAPHUM, TH"
48855099999,16.043917,108.19937,"DANANG INTERNATIONAL, VM"
48405099999,16.07035,103.6459,"ROB MUANG, TH"
98325099999,16.0833333,120.35,"DAGUPAN, RP"
98336099999,16.2666666,122.1333333,"CASIGURAN, RP"
98328099999,16.375103,120.619636,"BAGUIO, RP"
48852099999,16.4015,107.702614,"PHUBAI, VM"
48381099999,16.466628,102.783661,"KHON KAEN, TH"
48380099999,16.4833333,99.5333333,"KAMPHAENG PHET, TH"
48383099999,16.5333333,104.7166666,"MUKDAHAN, TH"
59985099999,16.5333333,111.6166666,"SANHU DAO, CH"
48379099999,16.676028,101.195108,"PHETCHABUN, TH"
48375099999,16.699856,98.545056,"MAE SOT, TH"
48094099999,16.7666666,94.7666666,"PATHEIN, BM"
48378099999,16.782939,100.279122,"PHITSANULOK, TH"
59981099999,16.8333333,112.3333333,"XISHA DAO, CH"
48376099999,16.895989,99.25335,"TAK, TH"
48097099999,16.907305,96.133222,"YANGON INTERNATIONAL, BM"
48356099999,17.15,104.1333333,"SAKON NAKHON, TH"
48377099999,17.2333333,99.05,"BHUMIBOL DAM, TH"
48354099999,17.386436,102.788247,"UDON THANI, TH"
48357099999,17.4166666,104.7833333,"NAKHON PHANOM, TH"
48353099999,17.439133,101.722064,"LOEI, TH"
48848099999,17.4833333,106.6,"DONG HOI, VM"
98222099999,17.555331,120.355797,"VIGAN, RP"
48351099999,17.6166666,100.1,"UTTARADIT, TH"
98233099999,17.638311,121.730614,"TUGUEGARAO, RP"
48352099999,17.8666666,102.75,"NONG KHAI, TH"
48940099999,17.988322,102.563256,"WATTAY INTERNATIONAL, LA"
48330099999,18.132169,100.164664,"PHRAE, TH"
48325099999,18.1666666,97.9333333,"MAE SARIANG, TH"
98223099999,18.178092,120.531522,"LAOAG INTERNATIONAL, RP"
59948099999,18.2166666,109.5833333,"SANYA, CH"
48328099999,18.270933,99.504167,"LAMPANG, TH"
48846099999,18.35,105.9,"HA TINH, VM"
98232099999,18.3666666,121.6333333,"APARRI, RP"
48080099999,18.4666666,94.35,"SANDOWAY, BM"
59954099999,18.5,110.0,"LING SHUI, CH"
48329099999,18.5666666,99.0333333,"LAMPHUN, TH"
48845099999,18.736725,105.670881,"VINH, VM"
48327099999,18.766847,98.962644,"CHIANG MAI INTERNATIONAL, TH"
48077099999,18.8,95.2166666,"PROME, BM"
48331099999,18.807914,100.783419,"NAN, TH"
48078099999,18.9166666,96.4666666,"TOUNGOO, BM"
59849099999,19.067,109.883,"XIN SHI, CH"
59838099999,19.1,108.6166666,"DONGFANG, CH"
48315099999,19.1166666,100.8,"THA WANG PHA, TH"
48310099999,19.1930556,99.9,"PHAYAO, TH"
59855099999,19.2333333,110.4666666,"QIONGHAI, CH"
98133099999,19.2666666,121.4666666,"CALAYAN, RP"
91245099999,19.283,166.65,"WAKE ISLAND AIRFLD, WQ"
48300099999,19.301253,97.975831,"MAE HONG SON, TH"
48071099999,19.4166666,93.55,"KYAUKPYU, BM"
59845099999,19.5166666,109.5833333,"DANXIAN, CH"
48840099999,19.75,105.7833333,"THANH HOA, VM"
48303099999,19.885361,99.826844,"CHIANG RAI, TH"
59758099999,20.0,110.25,"HAIKOU, CH"
48062099999,20.132708,92.872628,"SITTWE, BM"
48839099999,20.1333333,107.7166666,"BACH LONG VI, VM"
59754099999,20.367,110.167,"XUWEN, CH"
48823099999,20.4333333,106.15,"NAM DINH, VM"
98135099999,20.451322,121.979883,"BASCO, RP"
59792099999,20.6666666,116.7166666,"DONGSHA DAO, CH"
48826099999,20.8,106.6333333,"PHU LIEN, VM"
98132099999,20.8,121.85,"ITBAYAT, RP"
48053099999,20.8333333,95.8333333,"MEIKTILA, BM"
59647099999,21.033,109.117,"WEI ZHOU ISLAND, CH"
59658099999,21.15,110.3,"ZHANJIANG, CH"
48820099999,21.221192,105.807178,"NOIBAI INTERNATIONAL, VM"
48060099999,21.3,99.6166666,"KENGTUNG, BM"
48806099999,21.3333333,103.9,"SON LA, VM"
48045099999,21.3833333,93.95,"MINDAT, BM"
41992099999,21.452194,91.963889,"COXS BAZAR, BG"
59644099999,21.4833333,109.1,"BEIHAI, CH"
56969099999,21.5,101.5833333,"MENGLA, CH"
48838099999,21.5166667,107.9666667,"MONG CAI, VM"
59664099999,21.517,111.3,"TIAN CHENG, CH"
59626099999,21.55,107.967,"DONG XING, CH"
59673099999,21.7333333,112.7666666,"SHANGCHUAN DAO, CH"
48830099999,21.8333333,106.7666666,"LANG SON, VM"
59663099999,21.8666666,111.9666666,"YANGJIANG, CH"
59632099999,21.95,108.6166666,"QINZHOU, CH"
48042099999,21.9833333,96.1,"MANDALAY, BM"
56959099999,22.0,100.7833333,"JINGHONG, CH"
59559099999,22.0,120.75,"HENGCHUN, CH"
59567099999,22.0333333,121.55,"LAN YU, CH"
48037099999,22.1,95.1333333,"MONYWA, BM"
45011099999,22.149556,113.591558,"MACAU INTERNATIONAL, MC"
41978099999,22.249611,91.813286,"SHAH AMANAT INTERNATIONAL, BG"
59446099999,22.25,109.967,"BOBAI, CH"
59478099999,22.267,112.783,"TAI SHAN, CH"
45007099999,22.308919,113.914603,"HONG KONG INTERNATIONAL, HK"
45004099999,22.3119444,114.1727778,"KOWLOON, CH"
59456099999,22.35,110.9333333,"XINYI, CH"
59417099999,22.3666666,106.75,"LONGZHOU, CH"
48803099999,22.5,103.9666666,"LAO CAI, VM"
56954099999,22.5666666,99.9333333,"LANCANG, CH"
46740099999,22.577094,120.350006,"KAOHSIUNG INTERNATIONAL, TW"
59431099999,22.608267,108.172442,"WUXU, CH"
56977099999,22.6166666,101.8166666,"JIANGCHENG, CH"
59493099999,22.639258,113.810664,"BAOAN INTERNATIONAL, CH"
48808099999,22.6666666,106.25,"CAO BANG, VM"
46750099999,22.672367,120.461728,"PINGTUNG SOUTH, TW"
46758099999,22.700239,120.482,"PINGTUNG NORTH, TW"
41950099999,22.75,90.3666666,"BARISAL, BG"
59562099999,22.75,121.15,"TAIDONG, CH"
46740399999,22.754986,121.101681,"FENGNIN, TW"
56964099999,22.7666666,100.9833333,"SIMAO, CH"
46745099999,22.782508,120.262169,"GANGSHAN, TW"
59501099999,22.7833333,115.3666666,"SHANWEI, CH"
46760099999,22.793117,121.181975,"JHIHHANG, TW"
48035099999,22.9333333,97.75,"LASHIO, BM"
46743099999,22.950361,120.205778,"TAINAN, TW"
59358099999,23.0,120.2166666,"TAINAN, CH"
41943099999,23.0333333,91.4166666,"FENI, BG"
59278099999,23.05,112.4666666,"GAOYAO, CH"
59298099999,23.083,114.417,"HUI YANG, CH"
59317099999,23.083,116.3,"HUILAI, CH"
59228099999,23.133,107.65,"LONG AN, CH"
48025099999,23.2,94.3,"KALEWA, BM"
46730099999,23.2666667,119.6666667,"DONGSHI, TW"
59209099999,23.3,105.95,"NAPO, CH"
59287099999,23.392436,113.298786,"BAIYUN INTERNATIONAL, CH"
59254099999,23.4,110.0833333,"GUIPING, CH"
59316099999,23.4,116.6833333,"SHANTOU, CH"
56985099999,23.45,103.3333333,"MENGZI, CH"
46746099999,23.461779,120.39283,"CHIAYI, TW"
59265099999,23.4833333,111.3,"WUZHOU, CH"
56946099999,23.55,99.4,"GENGMA, CH"
46734099999,23.568669,119.628311,"MAGONG, TW"
56986099999,23.583,103.867,"DEHOUJIE, CH"
56966099999,23.6,101.9833333,"YUANJIANG, CH"
41923099999,23.778783,90.382689,"TEJGAON, BG"
59293099999,23.8,114.7333333,"HEYUAN, CH"
41922099999,23.843333,90.397781,"HAZRAT SHAHJALAL INTERNATIONAL, BG"
59242099999,23.85,109.417,"DA WAN, CH"
59087099999,23.8833333,113.5166666,"FOGANG, CH"
42724099999,23.886978,91.24045,"AGARTALA, IN"
59211099999,23.9,106.6,"BAISE, CH"
56951099999,23.95,100.2166666,"LINCANG, CH"
59271099999,23.95,112.2,"HUAIJI, CH"
59303099999,23.967,115.967,"SONG LIN BA, CH"
56838099999,24.0,97.85,"RUILI, CH"
46763099999,24.023056,121.617778,"HUALIEN, TW"
59007099999,24.0666666,105.0666666,"GUANGNAN, CH"
59158099999,24.15,120.6833333,"TAIZHONG, CH"
48018099999,24.1666666,96.3333333,"KATHA, BM"
46751099999,24.186269,120.653775,"TAICHUNG, TW"
59058099999,24.2,110.5166666,"MENGSHAN, CH"
46770099999,24.264668,120.62058,"CHING CHUAN KANG AB, TW"
48019099999,24.2666666,97.2,"BHAMO, BM"
59117099999,24.2833333,116.0666666,"MEI XIAN, CH"
47991099999,24.289697,153.979119,"MINAMI TORISHIMA, JA"
47918099999,24.344525,124.186983,"ISHIGAKI, JA"
59046099999,24.35,109.4,"LIUZHOU, CH"
59096099999,24.3666666,114.4833333,"LIANPING, CH"
46736099999,24.427892,118.359197,"SHANG YI, TW"
47912099999,24.4666666,123.0166666,"YONAGUNIJIMA, JA"
47911099999,24.466944,122.977778,"YONAGUNI, JA"
59065099999,24.467,111.567,"HEXIAN BABU, CH"
56886099999,24.5333333,103.7666666,"LUXI, CH"
59134099999,24.544036,118.127739,"GAOQI, CH"
59082099999,24.6666666,113.6,"SHAOGUAN, CH"
59023099999,24.7,108.05,"HECHI, CH"
41886099999,24.7166666,90.4333333,"MYMENSINGH, BG"
42623099999,24.75995,93.896697,"IMPHAL, IN"
47927099999,24.782833,125.295111,"MIYAKO, JA"
47981099999,24.784,141.322722,"IWOTO, JA"
59072099999,24.8,112.3666666,"LIANZHOU, CH"
59133099999,24.8,118.583,"JIN JIANG, CH"
46756099999,24.818033,120.939394,"HSINCHU, TW"
47927699999,24.826667,125.144722,"SHIMOJISHIMA, JA"
48010099999,24.8666666,94.9166666,"HOMALIN, BM"
46738099999,24.9333333,121.3,"PA KUEI BAKUAI, TW"
59102099999,24.95,115.65,"XUNWU, CH"
41891099999,24.963242,91.866783,"OSMANY INTERNATIONAL, BG"
56739099999,24.9833333,98.5,"TENGCHONG, CH"
56778099999,24.992364,102.743536,"WUJIABA, CH"
56768099999,25.0166666,101.5166666,"CHUXIONG, CH"
58968099999,25.0333333,121.5166666,"TAIBEI, CH"
46697099999,25.055722,121.24255,"TAOYUAN, TW"
57947099999,25.067,109.25,"RONG SHUI, CH"
46696099999,25.069444,121.551667,"SUNGSHAN, TW"
46686099999,25.077731,121.232822,"CHIANG KAI SHEK INTERNATIONAL, TW"
56748099999,25.1166666,99.1833333,"BAOSHAN, CH"
57957099999,25.218106,110.039197,"LIANGJIANG, CH"
58926099999,25.3,117.4,"ZHANG PING, CH"
48008099999,25.3666666,97.4,"MYITKYINA, BM"
57996099999,25.4,114.933,"XIN FENG, CH"
57902099999,25.4333333,105.1833333,"XINGREN, CH"
57916099999,25.4333333,106.7666666,"LUODIAN, CH"
58944099999,25.5166666,119.7833333,"PINGTAN, CH"
56786099999,25.5833333,103.8333333,"ZHANYI, CH"
58974099999,25.6333333,122.0666666,"PENGJIA YU, CH"
56751099999,25.7,100.1833333,"DALI, CH"
58931099999,25.7166666,118.1,"JIUXIAN SHAN, CH"
56763099999,25.7333333,101.8666666,"YUANMOU, CH"
57972099999,25.7333333,112.9666666,"CHENZHOU, CH"
57922099999,25.8333333,107.55,"DUSHAN, CH"
47945099999,25.846533,131.263494,"MINAMI DAITO, JA"
57993099999,25.85,114.95,"GANZHOU, CH"
58911099999,25.85,116.3666666,"CHANGTING, CH"
58921099999,25.95,117.37,"YONG AN, CH"
57932099999,25.9666666,108.5333333,"RONGJIANG, CH"
48004099999,26.0,95.7,"HKAMTI, BM"
58847099999,26.0833333,119.2833333,"FUZHOU, CH"
42410099999,26.106092,91.585939,"GUWAHATI INTERNATIONAL, IN"
57845099999,26.1666666,109.7833333,"TONGDAO, CH"
58820099999,26.183,117.617,"SANMING, CH"
47930099999,26.195814,127.645869,"NAHA, JA"
47936099999,26.2,127.6833333,"NAHA, JA"
46688899999,26.224153,120.00275,"BEIGAN, TW"
57866099999,26.2333333,111.6166666,"LINGLING, CH"
47933042215,26.26667,127.75,"FUTENMA, JA"
47931099999,26.355612,127.767633,"KADENA AB, JA"
47929099999,26.363506,126.713806,"KUMEJIMA, JA"
56684099999,26.4,103.25,"HUIZE, CH"
57816099999,26.538522,106.800703,"LONGDONGBAO, CH"
47940099999,26.6,127.9666666,"NAGO, JA"
42415099999,26.6166666,92.7833333,"TEZPUR, IN"
58834099999,26.6333333,118.15,"NANPING, CH"
56671099999,26.65,102.25,"HUILI, CH"
57853099999,26.7333333,110.6333333,"WUGANG, CH"
56651099999,26.8333333,100.2166667,"LIJING, CH"
58813099999,26.85,116.3333333,"GUANGCHANG, CH"
56691099999,26.8666666,104.2833333,"WEINING, CH"
57872099999,26.933,112.583,"HENGYANG, CH"
57832099999,26.9666666,108.6666666,"SANSUI, CH"
47971099999,27.0833333,142.1833333,"CHICHIJIMA ISLAND, JA"
57799099999,27.1166666,114.9666666,"JI AN, CH"
57766099999,27.1833333,111.45,"SHAOYANG, CH"
42309099999,27.295494,94.09765,"LILABARI, IN"
57707099999,27.3,105.2333333,"BIJIE, CH"
57776099999,27.3,112.7,"NANYUE, CH"
48001099999,27.3333333,97.4166666,"PUTAO, BM"
56586099999,27.3333333,103.75,"ZHAOTONG, CH"
58725099999,27.3333333,117.4666667,"SHAOWU, CH"
58754099999,27.3333333,120.2,"FUDING, CH"
47942099999,27.425522,128.700903,"OKIERABU, JA"
57745099999,27.45,109.6833333,"ZHIJIANG, CH"
57774099999,27.45,112.2,"SHUANG FENG, CH"
42314099999,27.483853,95.016922,"DIBRUGARH, IN"
58715099999,27.5833333,116.65,"NANCHENG, CH"
57713099999,27.7,106.8833333,"ZUNYI, CH"
58730099999,27.7666666,118.0333333,"WUYISHAN, CH"
57793099999,27.8,114.3833333,"YICHUN, CH"
47910099999,27.836381,128.881253,"TOKUNOSHIMA, JA"
56571099999,27.9,102.2666667,"XICHANG, CH"
58731099999,27.9166666,118.5333333,"PUCHENG, CH"
57731099999,27.95,108.25,"SINAN, CH"
58659099999,28.0166666,120.6666666,"WENZHOU, CH"
58647099999,28.1,119.083,"LONGQUAN, CH"
57687099999,28.1166666,112.7833333,"CHANGSHA, CH"
58667099999,28.133,121.217,"YU HUAN, CH"
99230099999,28.3,126.0,MOORED BUOY 22001
47909099999,28.3941667,129.5527778,"NAZE FUNCHATOGE, JA"
55696099999,28.4166666,92.4666666,"LHUNZE, CH"
47872099999,28.430633,129.712542,"AMAMI, JA"
56444099999,28.45,98.8833333,"DEQEN, CH"
58646099999,28.45,119.9166666,"LISHUI, CH"
58666099999,28.45,121.8833333,"DACHEN DAO, CH"
57655099999,28.4666666,110.4,"YUANLING, CH"
58665099999,28.6166666,121.4166666,"HONGJIA, CH"
58634099999,28.683,118.25,"YUSHAN, CH"
56492099999,28.8,104.6,"YIBIN, CH"
57633099999,28.8333333,108.7666666,"YOUYANG, CH"
57671099999,28.85,112.383,"YUANJIANG, CH"
58660099999,28.85,121.133,"LINHAI REPLACED BY 58652 XIANJU, CH"
58606099999,28.865,115.9,"CHANGBEI INTERNATIONAL, CH"
57602099999,28.883,105.433,"LUZHOU, CH"
58633099999,28.9666666,118.8666666,"QU XIAN, CH"
56462099999,29.0,101.5,"JIULONG, CH"
99228099999,29.0,135.0,"MOORED BUOY 21004, US"
57598099999,29.0333333,114.5833333,"XIUSHUI, CH"
56357099999,29.05,100.3,"DAOCHENG, CH"
57662099999,29.05,111.6833333,"CHANGDE, CH"
58519099999,29.083,116.883,"GU XIAN DU, CH"
58549099999,29.15,119.633,"JINHUA, CH"
58569099999,29.2,121.95,"SHIPU, CH"
58527099999,29.3,117.2,"JINGDEZHEN, CH"
57584099999,29.3833333,113.0833333,"YUEYANG, CH"
57554099999,29.4,110.1666666,"SANGZHI, CH"
56385099999,29.5166666,103.3333333,"EMEI SHAN, CH"
57545099999,29.533,109.383,"LAIFENG, CH"
56312099999,29.5666666,94.4666666,"NYINGCHI, CH"
57504099999,29.583,105.05,"NEIJIANG, CH"
57562099999,29.583,111.3,"SHI MEN, CH"
58506099999,29.5833333,115.9833333,"LU SHAN, CH"
58556099999,29.6,120.8166666,"SHENGXIAN, CH"
55591099999,29.6666667,91.1333333,"LHASA, CH"
57583099999,29.717,113.883,"PUQI, CH"
57516099999,29.719217,106.641678,"JIANGBEI, CH"
58562099999,29.917,121.467,"NINGBO, CH"
56287099999,29.9833333,103.0,"YA AN, CH"
56247099999,30.0,99.1,"BATANG, CH"
56257099999,30.0,100.2666666,"LITANG, CH"
58477099999,30.0333333,122.1166666,"DINGHAI, CH"
56374099999,30.05,101.9666666,"KANGDING, CH"
58437099999,30.1333333,118.15,"HUANG SHAN, CH"
57458099999,30.2,110.667,"WU FENG, CH"
58457099999,30.228333,120.431667,"XIAOSHAN, CH"
57447099999,30.2833333,109.4666666,"ENSHI, CH"
57476099999,30.3333333,112.1833333,"JIANGLING, CH"
47836099999,30.385569,130.659017,"YAKUSHIMA, JA"
47870099999,30.546667,130.950278,"TANEGASHIMA, JA"
56294099999,30.578528,103.947086,"SHUANGLIU, CH"
58424099999,30.6166666,116.9666667,"ANQING, CH"
58464099999,30.617,121.083,"ZHA PU, CH"
57426099999,30.6833333,107.8,"LIANGPING, CH"
47837099999,30.7166666,130.9833333,"TANEGASHIMA, JA"
57461099999,30.7333333,111.3666666,"YICHANG, CH"
58472099999,30.7333333,122.45,"SHENGSI, CH"
57411099999,30.75,106.1333333,"GAOPING, CH"
58402099999,30.75,115.667,"YINGSHAN, CH"
57494099999,30.783758,114.2081,"TIANHE, CH"
56167099999,30.9833333,101.1166666,"DAWU, CH"
57348099999,31.0166666,109.5333333,"FENGJIE, CH"
57399099999,31.1333333,114.95,"MACHENG, CH"
56137099999,31.15,97.1666666,"QAMDO, CH"
58338099999,31.15,118.5833333,"WUHUXIAN, CH"
57378099999,31.1666666,112.6333333,"ZHONGXIANG, CH"
58367099999,31.197875,121.336319,"HONGQIAO INTERNATIONAL, CH"
57328099999,31.2,107.5,"DA XIAN, CH"
47831099999,31.2666666,130.3,"MAKURAZAKI, JA"
55279099999,31.3666666,90.0166666,"BAINGOIN, CH"
47850099999,31.367608,130.845456,"KANOYA, JA"
58314099999,31.4,116.3333333,"HUOSHAN, CH"
58362099999,31.4,121.4666666,"SHANGHAI, CH"
56116099999,31.4166666,95.6,"DENGQEN, CH"
58345099999,31.4333333,119.4833333,"LIYANG, CH"
56196099999,31.45,104.7333333,"MIANYANG, CH"
55299099999,31.4833333,92.0666666,"NAGQU, CH"
47827099999,31.55,130.55,"KAGOSHIMA, JA"
57306099999,31.5833333,105.9666666,"LANGZHONG, CH"
47835099999,31.5833333,131.4,"ABURATSU, JA"
56146099999,31.6166666,100.0,"GARZE, CH"
56144099999,31.7333333,98.5666666,"DEGE, CH"
47829099999,31.7333333,131.0833333,"MIYAKONOJO, JA"
58238099999,31.742042,118.862025,"LUKOU, CH"
58321099999,31.780019,117.298436,"LUOGANG, CH"
47851099999,31.803397,130.719408,"KAGOSHIMA, JA"
56173099999,31.85,102.7,"MA TANG, CH"
47857099999,31.877222,131.448611,"MIYAZAKI, JA"
56106099999,31.8833333,93.7833333,"SOG XIAN, CH"
56172099999,31.9,102.2333333,"BARKAM, CH"
47830099999,31.9333333,131.4166666,"MIYAZAKI, JA"
57259099999,32.0333333,110.7666666,"FANGXIAN, CH"
47823099999,32.0333333,130.2,"AKUNE, JA"
57237099999,32.0666666,108.0333333,"WANYUAN, CH"
58265099999,32.0666666,121.6,"LUSI, CH"
47854099999,32.083611,131.451389,"NYUTABARU, JA"
58259099999,32.1,120.867,"NANTONG JINSHA, CH"
57297099999,32.1333333,114.05,"XINYANG, CH"
57279099999,32.15,112.6666666,"ZAOYANG, CH"
58208099999,32.1666666,115.6166666,"GUSHI, CH"
47838099999,32.2,130.0333333,"USHIBUKA, JA"
47824099999,32.2166666,130.75,"HITOYOSHI, JA"
55294099999,32.267,91.667,"P A NA, CH"
56152099999,32.2833333,100.3333333,"SERTAR, CH"
56193099999,32.4166666,104.5166666,"PINGWU, CH"
57265099999,32.4333333,111.7333333,"LAOHEKOU, CH"
58215099999,32.583,116.783,"SHOUXIAN SHOUYANG, CH"
47822099999,32.5833333,131.65,"NOBEOKA, JA"
47844099999,32.666269,128.832808,"FUKUE, JA"
56182099999,32.6666666,103.6,"SONGPAN, CH"
47843099999,32.7,128.8333333,"FUKUE, JA"
57245099999,32.7166666,109.0333333,"ANKANG, CH"
47898099999,32.7166666,133.0166666,"SHIMIZU, JA"
47817099999,32.7333333,129.8666666,"NAGASAKI, JA"
47818099999,32.7333333,130.2666666,"UNZENDAKE, JA"
57251099999,32.767,110.117,"BAIHE, CH"
58241099999,32.783,119.45,"GAOYOU, CH"
47819099999,32.8166666,130.7,"KUMAMOTO, JA"
47856099999,32.837319,130.85505,"KUMAMOTO, JA"
58221099999,32.85,117.3,"BENGBU, CH"
58251099999,32.85,120.2833333,"DONGTAI, CH"
58203099999,32.8666666,115.7333333,"FUYANG, CH"
47821099999,32.8833333,131.0666666,"ASOSAN, JA"
56018099999,32.9,95.3,"ZADOI, CH"
47897099999,32.9166666,132.7,"SUKUMO, JA"
47855099999,32.916944,129.913611,"NAGASAKI, JA"
57290099999,32.9333333,113.9166666,"ZHUMADIAN, CH"
56029099999,33.0166666,96.95,"YUSHU, CH"
57127099999,33.0666666,107.0333333,"HANZHONG, CH"
57178099999,33.1,112.4833333,"NANYANG, CH"
47738099999,33.115,139.785833,"HACHIJOJIMA, JA"
47678099999,33.1166666,139.7833333,"HACHIJOJIMA, JA"
47810099999,33.149722,130.302222,"SAGA, JA"
47812099999,33.1666666,129.7333333,"SASEBO, JA"
47811099999,33.167,129.733,"SASEBO, JA"
47187099999,33.2,126.2666667,"MOSULPO KOR AFB, KS"
47815099999,33.2333333,131.6166666,"OITA, JA"
47892099999,33.2333333,132.55,"UWAJIMA, JA"
47189099999,33.25,126.5666666,"SEOGWIPO, KS"
47899099999,33.25,134.1833333,"MUROTOMISAKI, JA"
47813099999,33.2666666,130.3,"SAGA, JA"
47185099999,33.293835,126.162827,"GOSAN, KS"
47814099999,33.3166666,130.9333333,"HITA, JA"
47860099999,33.3166667,130.4166667,"METABARU JASDF, JA"
47805099999,33.3666666,129.55,"HIRADO, JA"
56096099999,33.4,104.9166666,"WUDU, CH"
47778099999,33.45,135.75,"SHIONOMISAKI, JA"
47852099999,33.479444,131.737222,"OITA, JA"
47182099999,33.511306,126.493028,"JEJU INTERNATIONAL, KS"
47184099999,33.5166666,126.5333333,"JEJU, KS"
47883099999,33.546111,133.669444,"KOCHI, JA"
47893099999,33.5666666,133.55,"KOCHI, JA"
56079099999,33.5833333,102.9666666,"RUO ERGAI, CH"
47807099999,33.5833333,130.3833333,"FUKUOKA, JA"
47808099999,33.585942,130.450686,"FUKUOKA, JA"
58144099999,33.6,119.0333333,"QINGJIANG, CH"
47809099999,33.65,130.7,"IIZUKA, JA"
47782099999,33.662222,135.364444,"NANKI SHIRAHAMA, JA"
47840099999,33.685,131.040278,"TSUIKI, JA"
47858099999,33.749027,129.785417,"IKI, JA"
56046099999,33.75,99.65,"DARLAG, CH"
57106099999,33.75,105.75,"CHENG XIAN, CH"
58150099999,33.75,120.3,"SHEYANG, CH"
57193099999,33.7833333,114.5166666,"XIHUA, CH"
58102099999,33.7833333,115.7333333,"BOXIAN, CH"
47882099999,33.827222,132.699722,"MATSUYAMA, JA"
47853099999,33.836197,130.947069,"KITAKYUSHU, JA"
47887099999,33.85,132.7833333,"MATSUYAMA, JA"
47803099999,33.883083,130.653,"ASHIYA, JA"
47786099999,33.93,131.278611,"YAMAGUCHI UBE, JA"
47762099999,33.95,130.9333333,"SHIMONOSEKI, JA"
47884099999,34.0,134.6333333,"KOMATSUJIMA JASDF, JA"
47788099999,34.034667,131.549194,"HOFU, JA"
47787099999,34.045322,131.052144,"OZUKI, JA"
47895099999,34.0666666,134.5666666,"TOKUSHIMA, JA"
47663099999,34.0666666,136.2,"OWASE, JA"
47737099999,34.073611,139.560278,"MIYAKEJIMA, JA"
57067099999,34.0833333,111.0666666,"LUSHI, CH"
47677099999,34.1166666,139.5166666,"MIYAKEJIMA, JA"
47881099999,34.132808,134.606639,"TOKUSHIMA, JA"
56021099999,34.1333333,95.7833333,"QUMARLEB, CH"
47764043324,34.13725,132.24286,"IWAKUNI, JA"
47784099999,34.1666666,131.4666666,"YAMAGUCHI, JA"
47800099999,34.1977778,129.2919444,"IZUHARA, JA"
47880099999,34.214167,134.015556,"TAKAMATSU, JA"
56004099999,34.2166666,92.4333333,"TUOTUOHE, CH"
47766099999,34.2333333,132.55,"KURE, JA"
47777099999,34.2333333,135.1666666,"WAKAYAMA, JA"
58027099999,34.2833333,117.15,"XUZHOU, CH"
47890099999,34.2833333,133.75,"TADOTSU, JA"
47799099999,34.284889,129.33055,"TSUSHIMA, JA"
47891099999,34.3166666,134.05,"TAKAMATSU, JA"
47776099999,34.3333333,134.9,"SUMOTO, JA"
57016099999,34.35,107.133,"BAOJI, CH"
47789599999,34.366944,132.413889,"HIROSHIMANISHI, JA"
47170099999,34.4,126.7,"WANDO, KS"
47765099999,34.4,132.4666666,"HIROSHIMA, JA"
47754099999,34.4166666,131.4,"HAGI, JA"
58015099999,34.417,116.333,"TANG SHAN, CH"
47774099999,34.4333333,135.2333333,"KANSAI INTERNATIONAL, JA"
47789099999,34.436111,132.919444,"HIROSHIMA, JA"
57036099999,34.447119,108.751592,"XIANYANG, CH"
47767099999,34.45,133.25,"FUKUYAMA, JA"
57046099999,34.4833333,110.0833333,"HUA SHAN, CH"
57083099999,34.519672,113.840889,"XINZHENG, CH"
47730099999,34.5333333,136.6833333,"AKENO JASDF, JA"
57006099999,34.5833333,105.75,"TIANSHUI, CH"
47779099999,34.596311,135.602944,"YAO, JA"
47655099999,34.6,138.2166666,"OMAEZAKI, JA"
47666099999,34.6,138.85,"IROZAKI, JA"
47653099999,34.6333333,137.1,"IRAKO, JA"
47783099999,34.676389,131.790278,"IWAMI, JA"
47768099999,34.6833333,133.9166666,"OKAYAMA, JA"
47772099999,34.6833333,135.5166666,"OSAKA, JA"
47770099999,34.7,135.2166666,"KOBE, JA"
47780099999,34.7,135.8333333,"NARA, JA"
56093099999,34.717,104.883,"WU SHAN, CH"
56065099999,34.7333333,101.6,"HENAN, CH"
47168099999,34.7333333,127.75,"YEOSU, KS"
47651099999,34.7333333,136.5166666,"TSU, JA"
47654099999,34.75,137.7166666,"HAMAMATSU, JA"
47675099999,34.75,139.3666666,"OSHIMA, JA"
47681099999,34.750239,137.703083,"HAMAMATSU, JA"
47793099999,34.756944,133.855278,"OKAYAMA, JA"
47649099999,34.7666666,136.15,"UENO, JA"
47735099999,34.782033,139.360306,"OSHIMA, JA"
47771099999,34.785528,135.438222,"OSAKA INTERNATIONAL, JA"
47739099999,34.8,138.1833333,"SHIZUOKA AIRPORT, JA"
47658099999,34.812778,138.298056,"SHIZUHAMA, JA"
57071099999,34.8166666,112.4333333,"MENGJIN, CH"
47165099999,34.8166666,126.3833333,"MOKPO, KS"
47769099999,34.8333333,134.6666666,"HIMEJI, JA"
58040099999,34.85,119.1333333,"GANYU, CH"
47162099999,34.85,128.4333333,"TONGYEONG, KS"
47755099999,34.9,132.0666666,"HAMADA, JA"
56033099999,34.9166666,98.2166666,"MADOI, CH"
47684099999,34.9333333,136.5833333,"YOKKAICHI, JA"
47656099999,34.9833333,138.4,"SHIZUOKA, JA"
47672099999,34.9833333,139.8666666,"TATEYAMA, JA"
47688099999,34.987053,139.829208,"TATEYAMA, JA"
56080099999,35.0,102.9,"HEZUO, CH"
47759099999,35.0166666,135.7333333,"KYOTO, JA"
47668099999,35.05,139.1,"AJIRO, JA"
47756099999,35.0666666,134.0166666,"TSUYAMA, JA"
54909099999,35.0833333,115.5166666,"DINGTAO, CH"
47161099999,35.088543,128.07037,"SACHEON AB, KS"
47159099999,35.1,129.0333333,"BUSAN, KS"
53959099999,35.1166666,111.0666666,"YUNCHENG, CH"
47657099999,35.1166666,138.9333333,"MISHIMA, JA"
47158099999,35.126389,126.808889,"GWANGJU, KS"
47674099999,35.15,140.3166666,"KATSUURA, JA"
47156099999,35.1666666,126.9,"GWANGJU, KS"
47192099999,35.1666666,128.0333333,"JINJU, KS"
47636099999,35.1666666,136.9666666,"NAGOYA, JA"
47155099999,35.1701944,128.5728611,"CHANGWON, KS"
47153099999,35.179528,128.938222,"GIMHAE INTERNATIONAL, KS"
52908099999,35.2166666,93.0833333,"WUDAOLIANG, CH"
54929099999,35.25,117.95,"FEZXZAN, CH"
47635099999,35.255,136.924444,"NAGOYA, JA"
47696043323,35.28333,139.66667,"YOKOSUKA, JA"
47761099999,35.2833333,136.25,"HIKONE, JA"
47721099999,35.3166667,138.8666667,"FUJI JASDF, JA"
47639099999,35.3666666,138.7333333,"FUJISAN, JA"
52996099999,35.3833333,105.0,"HUAJIALING, CH"
47634099999,35.394078,136.869667,"GIFU, JA"
47661099999,35.398272,139.909936,"KISARAZU, JA"
47632099999,35.4,136.7666666,"GIFU, JA"
47790099999,35.413611,132.89,"IZUMO, JA"
54945099999,35.4333333,119.5333333,"RIZHAO, CH"
47744099999,35.4333333,133.3333333,"YONAGO, JA"
47670099999,35.4333333,139.65,"YOKOHAMA, JA"
47741099999,35.45,133.0666666,"MATSUE, JA"
47750099999,35.45,135.3166666,"MAIZURU, JA"
69531499999,35.45,139.45,"ATSUGI NPMOD, JA"
47679099999,35.45,139.45,"ATSUGI NAS, JA"
53975099999,35.4833333,112.4,"YANGCHENG, CH"
47746099999,35.4833333,134.2333333,"TOTTORI, JA"
47743099999,35.492222,133.236389,"MIHO, JA"
47640099999,35.5,138.7666666,"KAWAGUCHIKO, JA"
47747399999,35.512778,134.786944,"TAJIMA, JA"
47680099999,35.513769,139.393675,"KASTNER ARMY AIR FIELD CAMP ZAMA JAPAN, JA"
47637099999,35.5166666,137.8166666,"IIDA, JA"
47794099999,35.530069,134.166553,"TOTTORI, JA"
47747099999,35.5333333,134.8166666,"TOYOOKA, JA"
53915099999,35.55,106.6666666,"PINGLIANG, CH"
54936099999,35.55,118.75,"JUXIAN, CH"
47742099999,35.55,133.2333333,"SAKAI, JA"
47671099999,35.552258,139.779694,"TOKYO INTERNATIONAL, JA"
54916099999,35.5666666,116.85,"YANZHOU, CH"
47152099999,35.593494,129.351722,"ULSAN, KS"
47682099999,35.6,140.1,"CHIBA, JA"
47687099999,35.6333333,139.85,"TOKYO HELIPORT, JA"
47631099999,35.65,136.0666666,"TSURUGA, JA"
47638099999,35.6666666,138.55,"KOFU, JA"
47683099999,35.6666667,139.5333333,"CHOFU AIRPORT, JA"
47671399999,35.68,139.72,"ICHIGAYA, JA"
47662099999,35.6833333,139.7666667,"TOKYO, JA"
47660099999,35.7,139.4,"TACHIKAWA JASDF, JA"
53923099999,35.7333333,107.6333333,"XIFENGZHEN, CH"
47648099999,35.7333333,140.85,"CHOSHI, JA"
47642099999,35.748492,139.348483,"YOKOTA AB, JA"
47686099999,35.764722,140.386389,"NARITA INTERNATIONAL, JA"
47727099999,35.798944,140.011111,"SHIMOFUSA, JA"
47146099999,35.8333333,127.1166666,"JEONJU, KS"
69358499999,35.8333333,128.5833333,"USAG WALKER TMQ 53P, KS"
47643099999,35.841944,139.410556,"IRUMA, JA"
47143099999,35.8833333,128.6166667,"TAEGU ACC KOR AFB, KS"
47142099999,35.894108,128.658856,"DAEGU AB, KS"
47141099999,35.903756,126.615906,"KUNSAN AB, KS"
47641099999,35.9833333,139.0666666,"CHICHIBU, JA"
47139099999,35.987858,129.420486,"POHANG, KS"
47140099999,36.0023491,126.7634672,"GUNSAN, KS"
47138099999,36.0333333,129.3833333,"POHANG, KS"
47716099999,36.0333333,140.2,"KASUMIGAURA JASDF, JA"
52889099999,36.05,103.8833333,"LANZHOU, CH"
53898099999,36.05,114.1333333,"ANYANG, CH"
47616099999,36.05,136.2166666,"FUKUI, JA"
47620099999,36.05,138.1166666,"SUWA, JA"
47706099999,36.142847,136.223922,"FUKUI, JA"
47617099999,36.15,137.25,"TAKAYAMA, JA"
47626099999,36.15,139.3833333,"KUMAGAYA, JA"
47709099999,36.166758,137.922669,"MATSUMOTO, JA"
47715099999,36.181083,140.415444,"HYAKURI, JA"
54836099999,36.1833333,118.15,"YIYUAN, CH"
47108699999,36.2,126.55,"WOONG CHEON, KS"
47740099999,36.2,133.3333333,"SAIGO, JA"
47135099999,36.2166666,127.9833333,"CHUPUNGNYEONG, KS"
54808099999,36.2333333,115.6666666,"XINXIAN, CH"
54826099999,36.25,117.1,"TAI SHAN, CH"
47618099999,36.25,137.9666666,"MATSUMOTO, JA"
54857099999,36.266108,120.374436,"LIUTING, CH"
52836099999,36.3,98.1,"DOULAN, CH"
47133099999,36.3,127.4,"TAEJON, KS"
47622099999,36.35,138.55,"KARUIZAWA, JA"
47629099999,36.3833333,140.4666666,"MITO, JA"
47704099999,36.394611,136.406544,"KOMATSU, JA"
47624099999,36.4,139.0666666,"MAEBASHI, JA"
52818099999,36.4166666,94.9,"GOLMUD, CH"
69222499999,36.4166666,128.15,"SANGJU TMQ 53P, KS"
47138599999,36.417,128.167,"SANGJU, KS"
47692099999,36.514544,139.870936,"UTSUNOMIYA, JA"
47615099999,36.55,139.8666666,"UTSUNOMIYA, JA"
47136099999,36.5666666,128.7,"ANDONG, KS"
47124099999,36.568178,127.500114,"SEONGMU, KS"
47605099999,36.5833333,136.6333333,"KANAZAWA, JA"
53845099999,36.6,109.5,"YAN AN, CH"
52866099999,36.6166667,101.7666667,"XINING, CH"
47134099999,36.631933,128.35485,"YECHEON, KS"
47131099999,36.6333333,127.45,"CHEONGJU, KS"
47707099999,36.648333,137.1875,"TOYAMA, JA"
47610099999,36.6666666,138.2,"NAGANO, JA"
54823099999,36.6833333,116.9833333,"JINAN TSINAN, CH"
47108799999,36.7,126.483,"SEOSAN AB, KS"
47128099999,36.7166,127.499119,"CHEONGJU INTERNATIONAL, KS"
47607099999,36.7166666,137.2,"TOYAMA, JA"
47690099999,36.7333333,139.5,"NIKKO, JA"
54843099999,36.7666666,119.1833333,"WEIFANG, CH"
54863099999,36.7666666,121.1666666,"HAIYANG, CH"
47129099999,36.7666666,126.5,"SEOSAN, KS"
53821099999,36.767,107.2,"HUNG TE, CH"
47606099999,36.8,137.05,"FUSHIKI, JA"
47126099999,36.9333333,126.45,"MANGILSAN, KS"
47598099999,36.95,140.9,"ONAHAMA, JA"
47127099999,36.9666666,127.0333333,"A 511 DESIDERIO AAF PYEONGTAEK CAMP HUMPHREYS ROK, KS"
47130099999,37.0,129.4166666,"ULJIN, KS"
47108599999,37.0166667,126.05,"PAEKADO, KS"
47125099999,37.029997,127.885267,"JUNGWON AB, KS"
69010099999,37.033,126.75,"KOON IN RANGE, KS"
53863099999,37.0333333,111.9166666,"JIEXIU, CH"
53787099999,37.0666666,112.9833333,"YUSHE, CH"
52707099999,37.067,92.867,"T A ERH TING, CH"
47122099999,37.090617,127.029594,"OSAN AB, KS"
47122399999,37.1,128.9,"KOTAR RANGE, KS"
47612099999,37.1,138.25,"TAKADA, JA"
47597099999,37.1333333,140.2166666,"SHIRAKAWA, JA"
53798099999,37.1833333,114.3666666,"XINGTAI, CH"
47121099999,37.1833333,128.4666666,"YEONGWOL, KS"
52787099999,37.2,102.8666666,"WUSHAOLING, CH"
47557099999,37.227431,140.430678,"FUKUSHIMA, JA"
47120099999,37.239406,127.007053,"SUWON, KS"
47119099999,37.2666666,126.9833333,"SUWON, KS"
52754099999,37.3333333,100.1333333,"GANGCA, CH"
54715099999,37.3333333,116.5666666,"LINGXIAN, CH"
47120499999,37.35,126.917,"SV RI SAN, KS"
47120599999,37.35,127.2666667,"MAESANRI, KS"
52737099999,37.3666666,97.3666666,"DELINGHA, CH"
47600099999,37.3833333,136.9,"WAJIMA, JA"
54776099999,37.4,122.6833333,"CHENGSHANTOU, CH"
47131599999,37.433,127.633,"YEOJU RANGE, KS"
47114099999,37.438081,127.960383,"WONJU, KS"
47111099999,37.445833,127.113889,"SEOUL AB, KS"
47112099999,37.4666666,126.6333333,"INCHEON, KS"
53705099999,37.4833333,105.6833333,"ZHONGNING, CH"
47115099999,37.4833333,130.9,"ULLEUNGDO, KS"
47570099999,37.4833333,139.9166666,"WAKAMATSU, JA"
53764099999,37.5,111.1,"LISHI, CH"
54725099999,37.5,117.5333333,"HUIMIN, CH"
47106099999,37.5,129.1333333,"DONGHAE RADAR, KS"
47110599999,37.521533,126.978628,"H 264 HELIPORT, KS"
47117099999,37.5333333,126.9666666,"SINYONGSAN, KS"
47110099999,37.558311,126.790586,"GIMPO, KS"
47108099999,37.5666667,126.9666667,"SEOUL CITY, KS"
54753099999,37.6166666,120.3166666,"LONGKOU, CH"
47100099999,37.6833333,128.7166666,"DAEGWALLYEONG, KS"
47103499999,37.7,125.7,"YEONPYEUNGDO, KS"
99226099999,37.7,134.3,"MOORED BUOY 21002, US"
69340499999,37.7166666,127.1,"CAMP STANLEY TMQ 53P, KS"
47106499999,37.719166,127.09944,"H 207 HELIPORT, KS"
53772099999,37.746897,112.628428,"WUSU, CH"
47109499999,37.75,128.6666667,"WHANG RYEONG, KS"
69356499999,37.7522,127.0255,"CAMP RED CLOUD, KS"
47107099999,37.753561,128.943625,"GANGNEUNG, KS"
47595099999,37.7666666,140.4666666,"FUKUSHIMA, JA"
47105099999,37.7709333,128.8680556,"GANGNEUNG, KS"
47108499999,37.7833333,126.3666667,"PYORIPSAN, KS"
53723099999,37.8,107.3833333,"YANCHI, CH"
52713099999,37.85,95.3666666,"DA QAIDAM, CH"
69216499999,37.8833333,126.7666666,"MUNSAN TMQ 53P, KS"
47104099999,37.88375,127.717972,"A 306, KS"
47101099999,37.9,127.7333333,"CHUNCHEON, KS"
47604099999,37.9,139.0166666,"NIIGATA, JA"
54751099999,37.9333333,120.7166666,"CHANG DAO, CH"
47103099999,37.9333333,124.6666666,"BAENGNYEONGDO AB, KS"
47573099999,37.955892,139.120717,"NIIGATA, JA"
47070099999,37.9666666,126.5666666,"KAESONG, KN"
47069099999,38.0333333,125.7,"HAEJU, KN"
47602099999,38.0333333,138.2333333,"AIKAWA, JA"
53698099999,38.0666666,114.35,"SHIJIAZHUANG, CH"
54618099999,38.0833333,116.55,"POTOU, CH"
47569099999,38.139722,140.916944,"SENDAI, JA"
47068099999,38.15,124.8833333,"RYONGYON, KN"
47095099999,38.15,127.3,"CHEORWON, KS"
47102599999,38.2,127.55,"TAESONG SAN, KS"
47567099999,38.2333333,140.9166667,"KASUMINOME JASDF, JA"
51886099999,38.25,90.85,"MANGNAI, CH"
47588099999,38.25,140.35,"YAMAGATA, JA"
47090099999,38.25087,128.564728,"SOKCHO, KS"
53646099999,38.2666666,109.7833333,"YULIN, CH"
47590099999,38.2666666,140.9,"SENDAI, JA"
47591099999,38.404919,141.219572,"MATSUSHIMA, JA"
47553099999,38.411894,140.371331,"YAMAGATA, JA"
47075099999,38.4166666,127.2833333,"PYONGGANG, KN"
47592099999,38.4333333,141.3,"ISHINOMAKI, JA"
47107499999,38.467,128.467,"KEO JIN, KS"
53614099999,38.4833333,106.2166667,"YINCHUAN, CH"
47067099999,38.5,126.5333333,"SINGYE, KN"
47065099999,38.5166666,125.7666666,"SARIWON, KN"
52681099999,38.6333333,103.0833333,"MINQIN, CH"
47060099999,38.7166666,125.3833333,"NAMPO, KN"
54602099999,38.7333333,115.4833333,"BAODING, CH"
47061099999,38.7333333,128.1833333,"CHANGJON, KN"
53673099999,38.75,112.7,"YUANPING, CH"
47520099999,38.75,140.3166666,"SHINJO, JA"
52633099999,38.8,98.417,"TUO LE, CH"
47587499999,38.812222,139.787222,"SHONAI, JA"
52602099999,38.8333333,93.3833333,"LENGHU, CH"
47587099999,38.9166666,139.85,"SAKATA, JA"
53588099999,38.95,113.5166666,"WUTAI SHAN, CH"
54662099999,38.965667,121.5386,"ZHOUSHUIZI, CH"
54587099999,39.05,123.2166666,"HAIYANG DAO, CH"
47512099999,39.0666666,141.7166666,"OFUNATO, JA"
52652099999,39.0833333,100.2833333,"ZHANGYE, CH"
53529099999,39.1,107.9833333,"OTOG QI, CH"
54527099999,39.1,117.1666666,"TIANJIN, CH"
54527399999,39.124353,117.346183,"BINHAI, CH"
47055099999,39.1833333,127.4333333,"WONSAN, KN"
47052099999,39.2166666,126.65,"YANGDOK, KN"
47058099999,39.224061,125.67015,"PYONGYANG INTERNATIONAL, KN"
53564099999,39.3666666,111.2166666,"HEQU, CH"
47549099999,39.428611,141.135278,"HANAMAKI, JA"
54539099999,39.4333333,118.9,"LETING, CH"
47545099999,39.615556,140.218611,"AKITA, JA"
47050099999,39.6166666,125.65,"ANJU, KN"
54534099999,39.65,118.1,"TANGSHAN, CH"
47585099999,39.65,141.9666666,"MIYAKO, JA"
47584099999,39.7,141.1666666,"MORIOKA, JA"
47582099999,39.7166666,140.1,"AKITA, JA"
52533099999,39.7666667,98.4833333,"JIUQUAN SUZHOU, CH"
53502099999,39.7833333,105.75,"JARTAI, CH"
53543099999,39.8333333,109.9833333,"DONGSHENG, CH"
53593099999,39.8333333,114.5666666,"YU XIAN, CH"
47041099999,39.9333333,127.55,"HAMHEUNG, KN"
47037099999,39.9833333,125.25,"KUSONG, KN"
47046099999,40.0333333,128.1833333,"SINPO, KN"
54497099999,40.05,124.3333333,"DANDONG, CH"
54511099999,40.080111,116.584556,"BEIJING CAPITAL INTERNATIONAL AIRPORT, CH"
53487099999,40.0833333,113.4166666,"DATONG, CH"
47035099999,40.1,124.3833333,"SINUIJU, KN"
52418099999,40.15,94.6833333,"DUNHUANG, CH"
47039099999,40.1666666,126.25,"HUICHON, KN"
47583099999,40.191872,140.371431,"ODATE NOSHIRO, JA"
52436099999,40.2666666,97.0333333,"YUMENZHEN, CH"
47031099999,40.3666666,127.25,"CHANGJIN, KN"
52446099999,40.4,99.8,"SHUANGCHENGTZU, CH"
54436099999,40.4,118.95,"QINGLONG, CH"
54405099999,40.4166666,115.5,"HUAILAI, CH"
47028099999,40.45,124.9333333,"SUPUNG, KN"
47581099999,40.5333333,141.5166666,"HACHINOHE, JA"
47515099999,40.556447,141.466325,"HACHINOHE, JA"
47574099999,40.65,139.9333333,"FUKAURA, JA"
54471099999,40.6666666,122.2,"YINGKOU, CH"
47025099999,40.6666667,129.2,"KIMCHAEK SONGJIN, KN"
47580099999,40.705,141.372,"MISAWA AB, JA"
54493099999,40.7166666,124.7833333,"KUANDIAN, CH"
47542099999,40.734722,140.690833,"AOMORI, JA"
52495099999,40.75,104.5,"BAYAN MOD, CH"
53513099999,40.7666666,107.4,"LINHE, CH"
54401099999,40.7833333,114.8833333,"ZHANGJIAKOU, CH"
47022099999,40.8166666,128.15,"PUNGSAN, KN"
47575099999,40.8166666,140.7666666,"AOMORI, JA"
53463099999,40.851422,111.824103,"BAITA, CH"
69146499999,40.8686411,141.377777,"DRAUGHON RANGE, JA"
54423099999,40.9666666,117.9166666,"CHENGDE, CH"
47020099999,40.9666666,126.6,"KANGGYE, KN"
53480099999,41.0333333,113.0666666,"JINING, CH"
54339099999,41.133,122.983,"ANSHAN, CH"
54337099999,41.1333333,121.1166666,"JINZHOU, CH"
54377099999,41.15,126.2166666,"JI AN, CH"
54308099999,41.2,116.6333333,"FENGNING, CH"
47516099999,41.2333333,141.1333333,"OMINATO JASDF, JA"
47576099999,41.2833333,141.2166666,"MUTSU, JA"
54346099999,41.3166666,123.7833333,"BENXI, CH"
52378099999,41.3666666,102.3666666,"GUAIZIHU, CH"
54335099999,41.383,121.8,"GOUBANGZI, CH"
47016099999,41.4,128.1666666,"HYESAN, KN"
54386099999,41.4166666,128.1833333,"CHANGBAI, CH"
53231099999,41.45,106.3833333,"HAILS, CH"
54324099999,41.55,120.45,"CHAOYANG, CH"
53336099999,41.5666666,108.5166666,"HALIUT, CH"
54342499999,41.639842,123.483425,"TAOXIAN, CH"
53352099999,41.7,110.4333333,"BAILING MIAO, CH"
54342099999,41.7333333,123.5166666,"SHENYANG, CH"
47488099999,41.77,140.821944,"HAKODATE, JA"
47014099999,41.7833333,126.8833333,"CHUNGGANG, KN"
47008099999,41.7833333,129.8166666,"CHONGJIN, KN"
52323099999,41.8,97.0333333,"MAZONG SHAN, CH"
54374099999,41.8,126.9166666,"LINJIANG, CH"
47005099999,41.8166666,128.3,"SAMJIYON, KN"
47430099999,41.8166666,140.75,"HAKODATE, JA"
47428099999,41.8666666,140.1166666,"ESASHI, JA"
53391099999,41.9,114.0,"HUADE, CH"
54311099999,41.9333333,117.75,"WEICHANG, CH"
52267099999,41.95,101.0666666,"EJIN QI, CH"
54259099999,42.0666666,124.8666666,"QINGYUAN, CH"
47426099999,42.1666666,142.7833333,"URAKAWA, JA"
54208099999,42.1833333,116.4666666,"DUOLUN, CH"
54218099999,42.3,118.8333333,"CHIFENG, CH"
47440099999,42.3,143.3166666,"HIROO, JA"
47003099999,42.3166666,130.4,"SENBONG, KN"
47423099999,42.3166667,140.9833333,"MURORAN YAKUMO, JA"
54226099999,42.3333333,120.7,"BUGT, CH"
53276099999,42.4,112.9,"JURH, CH"
54236099999,42.4166666,122.5333333,"ZHANGWU, CH"
53149099999,42.5333333,110.1333333,"MANDAL, CH"
47424099999,42.6166666,141.55,"TOMAKOMAI, JA"
31969099999,42.65,130.8,"POS ET, RS"
47490099999,42.733333,143.217222,"OBIHIRO, JA"
47425099999,42.7752,141.692283,"NEW CHITOSE, JA"
47434099999,42.794475,141.666447,"CHITOSE, JA"
47421099999,42.8,140.2166666,"SUTTSU, JA"
52203099999,42.8166667,93.5166667,"HAMI, CH"
54292099999,42.8833333,129.5,"YANJI, CH"
47490599999,42.890544,143.158475,"TOKACHI, JA"
31989099999,42.9,133.9,"PREOBRAZHENIE, RS"
47433099999,42.9,140.75,"KUTCHAN, JA"
47417099999,42.9166666,143.2166666,"OBIHIRO, JA"
54273099999,42.9833333,126.75,"HUADIAN, CH"
47418099999,42.9833333,144.4,"KUSHIRO KENEBETSU, JA"
47489099999,43.040967,144.192986,"KUSHIRO, JA"
47412099999,43.0666666,141.3333333,"SAPPORO, JA"
47479099999,43.116139,141.38022,"SAPPORO, JA"
31960099999,43.1166666,131.9333333,"VLADIVOSTOK, RS"
31987099999,43.15,133.0166666,"PARTIZANSK, RS"
54157099999,43.1833333,124.3333333,"SIPING, CH"
47411099999,43.1833333,141.0166666,"OTARU, JA"
51495099999,43.2166666,91.7333333,"SHISANJIANFANG, CH"
47413099999,43.2166666,141.7833333,"IWAMIZAWA, JA"
52118099999,43.2666666,94.7,"YIWU, CH"
47420099999,43.3333333,145.5833333,"NEMURO, JA"
54186099999,43.3666666,128.2,"DUNHUA, CH"
47483099999,43.5775,144.96,"NAKASHIBETSU, JA"
44373099999,43.5833333,104.4166666,"DALANZADGAD, MG"
54135099999,43.6,122.2666666,"TONGLIAO, CH"
54115099999,43.6333333,118.0333333,"LINXI, CH"
53068099999,43.65,112.0,"ERENHOT, CH"
47476099999,43.670833,142.4475,"ASAHIKAWA, JA"
44358099999,43.7333333,111.9,"ZAMYN UUD, MG"
47407099999,43.75,142.3666666,"ASAHIKAWA, JA"
47477099999,43.795181,142.363136,"ASAHIKAWA, JA"
47481099999,43.880606,144.164053,"MEMANBETSU, JA"
54102099999,43.95,116.1166666,"XILIN HOT, CH"
47406099999,43.95,141.6333333,"RUMOI, JA"
31981099999,43.9666666,133.0666666,"ANUCINO, RS"
54027099999,43.9833333,119.4,"LINDONG, CH"
54161099999,43.996419,125.680786,"LONGJIA, CH"
53192099999,44.0166666,115.0,"ABAG QI, CH"
47409099999,44.0166666,144.2833333,"ABASHIRI, JA"
32165099999,44.0166666,145.8666666,"JUZHNO KURIL SK, RS"
31939099999,44.15,133.8666666,"CUGUEVKA, RS"
54049099999,44.25,123.9666666,"CHANGLING, CH"
47474099999,44.303914,143.404028,"MONBETSU, JA"
47435099999,44.35,143.35,"MOMBETSU, JA"
31959099999,44.3666666,135.85,"RUDNAJA PRISTAN, RS"
47404099999,44.3666666,141.7,"HABORO, JA"
54096099999,44.3833333,131.15,"SUIFENHE, CH"
31915099999,44.4,131.3833333,"POGRANICHNYJ, RS"
44347099999,44.4166666,105.3166666,"TSOGT OVOO, MG"
54094099999,44.5,129.6666666,"MUDANJIANG, CH"
54026099999,44.5666666,120.9,"JARUD QI, CH"
54012099999,44.5833333,117.6,"XI UJIMQIN QI, CH"
47405099999,44.5833333,142.9666666,"OMU, JA"
53083099999,44.6166666,114.15,"NARAN BULAG, CH"
31921099999,44.7166666,132.0666666,"ASTRAHANKA, RS"
44354099999,44.9,110.1166666,"SAINSHAND, MG"
47402099999,44.9333333,142.5833333,"KITAMIESASHI, JA"
31909099999,45.0,136.6,"TERNEJ, RS"
50949099999,45.0833333,124.8666666,"QIAN GORLOS, CH"
31878099999,45.1,133.5,"KIROVSKIJ, RS"
50968099999,45.2166666,127.9666666,"SHANGZHI, CH"
31913099999,45.2166666,131.9833333,"TURIJ ROG, RS"
50978099999,45.3,130.9166666,"JIXI, CH"
51288099999,45.3666666,90.5333333,"BAYTIK SHAN, CH"
47441099999,45.404167,141.800833,"WAKKANAI, JA"
47401099999,45.4166666,141.6833333,"WAKKANAI, JA"
44336099999,45.45,103.9,"SAIKHAN OVOO, MG"
50915099999,45.5166666,116.9666666,"ULIASTAI, CH"
44352099999,45.7333333,112.3666666,"BAYANDELGER, MG"
44341099999,45.7666666,106.2833333,"MANDALGOBI, MG"
50983099999,45.7666666,132.9666666,"HULIN, CH"
31873099999,45.8666666,133.7333333,"DAL NERECHENSK, RS"
50953099999,45.9333333,126.5666666,"HARBIN, CH"
50963099999,45.9666666,128.7333333,"TONGHE, CH"
44265099999,46.1166666,91.4666666,"BAITAG, MG"
44287099999,46.1333333,100.6833333,"BAYANHONGOR, MG"
44288099999,46.2666666,102.7833333,"ARVAIHEER, MG"
50888099999,46.3166666,132.1833333,"BAOQING, CH"
50854099999,46.3833333,125.3166666,"ANDA, CH"
44277099999,46.4,96.25,"ALTAI, MG"
50844099999,46.4,123.45,"TAILAI, CH"
44298099999,46.45,108.2166666,"CHOIR, MG"
31845099999,46.5333333,135.3166666,"KRASNYJ JAR, RS"
31866099999,46.5333333,138.3333333,"SOSUNOVO, RS"
44305099999,46.6833333,113.2833333,"BARUUN URT, MG"
44284099999,46.7,100.1333333,"GALUUT, MG"
31832099999,46.8,134.2666666,"BIKIN, RS"
44275099999,46.8333333,98.0833333,"BAYANBULAG, MG"
32150099999,46.888672,142.717531,"KHOMUTOVO, RS"
44285099999,46.9,102.7666666,"HUJIRT, MG"
32128099999,47.05,142.05,"HOLMSK, RS"
44314099999,47.1666666,115.6333333,"MATAD, MG"
50727099999,47.1666666,119.9333333,"ARXAN, CH"
50788099999,47.2333333,131.9833333,"FUJIN, CH"
50745099999,47.239628,123.918131,"SANJIAZI, CH"
44294099999,47.3,107.4833333,"MAANTI, MG"
44304099999,47.3166666,110.6333333,"UNDERKHAAN, MG"
31829099999,47.3166666,138.9833333,"ZOLOTOJ, RS"
44282099999,47.45,101.4666666,"TSETSERLEG, MG"
50756099999,47.45,126.8666666,"HAILUN, CH"
31825099999,47.6,138.4,"AGZU, RS"
44313099999,47.6166666,118.6166666,"KHALKH GOL, MG"
31801099999,47.6666666,136.1833333,"GVASJUGI, RS"
50774099999,47.7,128.8333333,"YICHUN, CH"
31707099999,47.7333333,130.9666666,"EKATERINO NIKOL SKOE, RS"
44272099999,47.75,96.85,"ULIASTAI, MG"
44302099999,47.7833333,112.1166666,"BAYAN OVOO, MG"
44292099999,47.843056,106.766639,"CHINGGIS KHAAN INTERNATIONAL, MG"
32121099999,47.9833333,142.2,"ILYINSKIY, RS"
44218099999,48.0166666,91.5666666,"HOVD, MG"
50658099999,48.05,125.8833333,"KESHAN, CH"
44259099999,48.0833333,114.55,"CHOIBALSAN, MG"
31735099999,48.528044,135.188361,"NOVY, RS"
44237099999,48.5333333,101.3833333,"ERDENEMANDAL, MG"
31754099999,48.6,137.05,"TIVJAKU, RS"
31725099999,48.6166666,133.8333333,"SMIDOVICH, RS"
50603099999,48.6833333,116.8166666,"XIN BARAG YOUQI, CH"
44225099999,48.7333333,98.2,"TOSONTSENGEL, MG"
31713099999,48.7333333,132.95,"BIROBIDZHAN, RS"
50632099999,48.7666666,121.9166666,"BUGT, CH"
44239099999,48.8,103.55,"BULGAN, MG"
44241099999,48.9166666,106.0666666,"BARUUNHARAA, MG"
31702099999,49.0,131.0833333,"OBLUC E, RS"
44215099999,49.0166666,91.7166666,"OMNO GOBI, MG"
50557099999,49.1666666,125.2333333,"NENJIANG, CH"
50548099999,49.2,123.7166666,"XIAO ERGOU, CH"
32098099999,49.2166666,143.1,"PORONAJSK, RS"
50527099999,49.25,119.7,"HAILAR, CH"
44232099999,49.3833333,102.7,"HUTAG, MG"
31624099999,49.4,133.2333333,"URMI, RS"
31594099999,49.4166666,130.0833333,"ARHARA, RS"
30938099999,49.433,108.9,"MENZA, RS"
50564099999,49.4333333,127.35,"SUNWU, CH"
31655099999,49.45,136.5666667,"TROICKOE, RS"
44256099999,49.55,114.4,"DASHBALBAR, MG"
44230099999,49.5666666,102.0,"TARIALAN, MG"
30949099999,49.5666666,111.9666666,"KYRA, RS"
31587099999,49.6166666,128.65,"POJARKOVO, RS"
44231099999,49.6333333,100.1666666,"MUREN, MG"
44213099999,49.65,94.4,"BARUUNTURUUN, MG"
31683099999,49.65,140.0833333,"TUMNIN, RS"
44212099999,49.8,92.0833333,"ULAANGOM, MG"
30978099999,49.8333333,118.3833333,"KAJLASTUJ, RS"
31632099999,49.9333333,134.6333333,"KUR, RS"
